,歌曲名称,简要描述,歌曲介绍
0,I Want...,陈奕迅、Renée Fleming、郎朗演唱歌曲,《I Want...》是由Jon Hendricks、Chun Keung Lam、Ming Si Tu作词，Jon Hendricks作曲，陈奕迅、Renée Fleming、郎朗演唱的一首歌曲，发行于2021年9月10日。
1,是但求其爱,陈奕迅演唱歌曲,《是但求其爱》是由小克作词，林家谦作曲， 陈奕迅演唱的一首歌曲，发行于2020年11月20日。
2,致明日的舞,陈奕迅演唱歌曲,《致明日的舞》是由Oscar作词，林家谦作曲，陈奕迅演唱的一首歌曲，发行于2020年10月21日。
3,Fight As One,陈奕迅、蔡依林演唱歌曲,《Fight As One》（共同体的战斗）是陈奕迅、蔡依林演唱的一首英文歌曲，由Andrew Chu、Eric Kwok（郭伟亮）、Jerald Chan（陈哲庐）作词，宋秉洋作曲。该歌曲于2020年4月3日云南广播电视台发行。
4,破坏王,陈奕迅演唱歌曲,《破坏王》是由陈咏谦作词，王双骏作曲，陈奕迅演唱的一首歌曲，发行于2018年10月18日，收录于专辑《L.O.V.E.》中。
5,海里睡人,陈奕迅演唱的歌曲,《海里睡人》是由卢凯彤作词，孙伟明、卢凯彤作曲，陈奕迅演唱的一首歌曲，收录于专辑《L.O.V.E.》中，发行于2018年12月12日。
6,渐渐,陈奕迅演唱歌曲,《渐渐》是由陈咏谦作词，张杰邦作曲，陈奕迅演唱的一首歌曲，发行于2018年06月22日。2018年12月18日，该曲获得BILLBOARD RADIO粤语年度十大金曲奖。
7,敬烟,陈奕迅演唱的歌曲,《敬烟》是由陈咏谦作词，苏德华作曲，陈奕迅和eason and the duo band演唱的一首歌曲，收录于专辑《L.O.V.E.》中，发行于2018年12月12日。
8,蠢,陈奕迅演唱歌曲,《蠢》是由陈咏谦作词，陈铭泽作曲，陈奕迅演唱的一首歌曲，收录于专辑《L.O.V.E.》中，发行于2018年12月12日。
9,疯狂的朋友,陈奕迅演唱的歌曲,《疯狂的朋友》是由陈咏谦作词，恭硕良作曲，陈奕迅演唱的一首歌曲，收录于专辑《L.O.V.E.》中，发行于2018年12月12日。
10,R U N,岑宁儿和陈奕迅合唱歌曲,《R U N》是由岑宁儿作词、作曲并与陈奕迅合唱的一首歌曲，收录于2018年12月12日发行的专辑《L.O.V.E.》中。
11,龙舌兰,陈奕迅演唱歌曲,《龙舌兰》是由陈咏谦作词，Chris Polanco作曲，陈奕迅演唱的一首歌曲，收录于专辑《L.O.V.E.》中，发行于2018年12月12日。
12,我们万岁,陈奕迅演唱歌曲,《我们万岁》是由陈咏谦作词，翁玮盈作曲，陈奕迅演唱的一首歌曲，收录于专辑《L.O.V.E.》中，发行于2018年12月12日。
13,可一可再,陈奕迅作曲并演唱的歌曲,《可一可再》是由陈咏谦作词，陈奕迅作曲并演唱的一首歌曲，发行于2018年08月24日。2018年12月18日，该曲获得BILLBOARD RADIO粤语年度十大金曲奖。
14,放,陈奕迅演唱歌曲,《放》是一首由葛大为作词，Jerald（陈哲庐）作曲，陈奕迅演唱的国语歌曲。该歌曲有两个版本，分为录音室版本和Budweiser EDM Remix版本，录音室版本收录于2017年5月18日发行的EP《放&amp;amp;披风》中，后收录于2017年10月9日发行的专辑《C&amp;#39;mon in~》中；Budweiser EDM Remix版本发行于2017年6月21日。
15,收心操,陈奕迅演唱的歌曲,《收心操》是由葛大为作词，Jerald Chan（陈哲庐）作曲，陈奕迅演唱的一首歌曲，收录于专辑《C&#039;mon in~》中，发行于2017年10月9日。
16,海胆,陈奕迅演唱歌曲,《海胆》是由葛大为作词，Jerald Chan（陈哲庐）作曲，陈奕迅演唱的一首歌曲，收录于2017年8月4日发行的EP《海胆&amp;amp;谁来剪月光》中，后被收录于专辑《C&amp;#39;mon in~》中，发行于2017年10月9日。
17,谁来剪月光,陈奕迅演唱的歌曲,《谁来剪月光》是由易家扬作词，冯颖琪作曲，陈奕迅演唱的一首歌曲，收录于陈奕迅2017年8月4日发行的EP《海胆&amp;amp;谁来剪月光》中，后收录于2017年10月9日发行的专辑《C&#039;mon in~》中。2018年1月，该曲获得全球流行音乐金榜年度20大金曲奖；同时，冯颖琪凭借该曲获得年度最佳作曲人奖。
18,床上的黑洞,陈奕迅演唱的歌曲,《床上的黑洞》是由Tim Lui、6号作词，RubberBand、Jerald Chan（陈哲庐）作曲，陈奕迅演唱的一首歌曲，收录于专辑《C&#039;mon in~》中，发行于2017年10月9日。
19,之外,陈奕迅演唱歌曲,《之外》是由易家扬作词，徐继宗作曲，陈奕迅演唱的一首歌曲，收录于专辑《C&amp;#39;mon in~》中，发行于2017年10月9日。
20,傅科摆,陈奕迅演唱歌曲,《傅科摆》是由葛大为作词，C.Y.Kong（江志仁）、Jerald Chan（陈哲庐）作曲，陈奕迅演唱的一首歌曲，收录于专辑《C&amp;#39;mon in~》中，发行于2017年10月9日。
21,零下几分钟,陈奕迅演唱的歌曲,《零下几分钟》是由易家扬作词，蓝奕邦作曲，陈奕迅演唱的一首歌曲，收录于2017年10月9日发行的专辑《C&#039;mon in~》中。
22,披风,陈奕迅演唱歌曲,《披风》是由易家扬作词，Jerald（陈哲庐）、MJ（谭杰明）作曲，陈奕迅演唱的一首歌曲，收录于2017年5月18日发行的EP《放&amp;amp;披风》中。
23,让我留在你身边,2016年陈奕迅演唱的歌曲,《让我留在你身边》是电影《摆渡人》爱情版主题曲。由唐汉霄作词、作曲，阿乱编曲，陈奕迅演唱，发行于2016年11月08日。2017年，陈奕迅演唱版本《让我留在你身边》获得第36届香港电影金像奖最佳原创电影歌曲提名奖。
24,四季,陈奕迅演唱歌曲,《四季》是由小克作词，周国贤作曲，江志仁编曲，陈奕迅演唱的歌曲，于2016年9月29日发行。2017年1月4日，陈奕迅凭借该曲获第39届十大中文金曲颁奖礼十大中文金曲、全球华人至尊金曲奖。
25,I Do,陈奕迅演唱歌曲,《I Do》是香港流行男歌手陈奕迅的一首国语歌曲，由郑光志、陈奕迅填词，周国贤谱曲、C.Y.Kong编曲。发行于2016年9月26日。《I Do》的粤语版是《四季》。
26,陪你度过漫长岁月,陈奕迅演唱歌曲,《陪你度过漫长岁月》是电影《陪安东尼度过漫长岁月》的主题曲。由葛大为填词，黎晓阳、谢国维谱曲，C.Y.Kong（江志仁）编曲，香港流行男歌手陈奕迅演唱。收录于同名专辑《陪你度过漫长岁月》中，发行于2015年10月14日。《陪你度过漫长岁月》的英文版是《Sleep Alone》。
27,老细我撇先,陈奕迅演唱的歌曲,《老细我撇先》是香港流行男歌手陈奕迅的一首粤语歌曲，由潘源良作词，RUSSELL HARRIS作曲，陈奕迅演唱。收录于专辑《准备中》之中，发行于2015年07月13日。
28,无条件,陈奕迅演唱歌曲,《无条件》是陈奕迅演唱的一首粤语歌曲，由潘源良作词，Eric Kwok（郭伟亮）作曲，张子坚编曲，于2015年4月15日以单曲形式发行，后收录在陈奕迅同年7月10日发行的专辑《准备中》中。《无条件》的初版是《异梦》。2015年12月，该歌曲获得第16届华语音乐传媒大奖年度粤语歌曲提名。
29,人生马拉松,陈奕迅演唱的歌曲,《人生马拉松》是渣打香港马拉松二十周年主题曲，由袁两半（潘源良）作词，曲世聪作曲，刘志远编曲，香港流行男歌手陈奕迅演唱。收录于专辑《准备中》中，发行于2015年07月13日。
30,黑洞,陈奕迅演唱歌曲,《黑洞》是2015年陈奕迅演唱的一首粤语歌曲，由袁两半（潘源良）作词，曲世聪作曲。收录于陈奕迅粤语专辑《准备中》中。
31,喜欢一个人,陈奕迅演唱歌曲,粤语歌曲《喜欢一个人》，由香港流行男歌手陈奕迅演唱，袁两半（潘源良）作词，Eric Kwok（郭伟亮）作曲，收录于专辑《准备中》中，发行于2015年07月13日。
32,万圣节的一个传说,陈奕迅演唱的歌曲,《万圣节的一个传说》是香港流行男歌手陈奕迅的一首粤语歌曲，由袁两半（潘源良）作词，曲世聪作曲，陈奕迅演唱。收录于专辑《准备中》里，发行于2015年07月13日.
33,一个灵魂的独白,2015年陈奕迅演唱的歌曲,《一个灵魂的独白》是香港流行男歌手陈奕迅的一首粤语歌曲，由袁两半（潘源良）作词，AGA（江海迦）作曲，C.Y.Kong（江志仁）编曲，陈奕迅演唱。收录于专辑《准备中》里，发行于2015年07月13日。
34,梦的可能,陈奕迅演唱的歌曲,《梦的可能》是香港流行男歌手陈奕迅的一首粤语歌曲，由袁两半（潘源良）作词，RUSSELL HARRIS作曲，陈奕迅演唱。收录于专辑《准备中》里，发行于2015年07月13日.
35,暴风雨,2015年陈奕迅演唱歌曲,《暴风雨》是电影《暴疯语》的主题曲，由高世章作词，岑伟宗作曲，香港流行男歌手陈奕迅演唱，被网友誉为“治愈神曲”。发行于2015年03月17日。
36,娱乐天空,陈奕迅歌曲,《娱乐天空》是香港流行男歌手陈奕迅的一首国语歌曲，由火星电台作词、作曲并编曲，陈奕迅演唱。收录于专辑《米·闪》中，发行于2014年05月15日。
37,四季圈,陈奕迅演唱的歌曲,《四季圈》是香港流行男歌手陈奕迅的一首国语歌曲，由火星电台作词、作曲并编曲，陈奕迅演唱。收录于专辑《米·闪》中，发行于2014年05月15日。
38,愚人快乐,陈奕迅演唱的歌曲,《愚人快乐》是火星电台作词、作曲并编曲，陈奕迅演唱的歌曲，收录于2014年5月15日发行的专辑《米·闪》中。
39,不如承诺来的简单,陈奕迅演唱的歌曲,《不如承诺来的简单》是香港流行男歌手陈奕迅的一首国语歌曲，由火星电台作词、作曲并编曲，陈奕迅演唱。收录于专辑《米·闪》中，发行于2014年05月15日。
40,对面,陈奕迅演唱歌曲,《对面》是香港流行男歌手陈奕迅的一首国语歌曲，由火星电台作词、作曲并编曲，陈奕迅演唱。收录于专辑《米·闪》中，发行于2014年05月15日。
41,放弃治疗,陈奕迅演唱歌曲,《放弃治疗》是香港流行男歌手陈奕迅的一首国语歌曲，由吴青峰作词，林俊杰作曲并编曲，陈奕迅演唱。收录于专辑《米·闪》中，发行于2014年05月15日。
42,时光隧道,陈奕迅演唱歌曲,《时光隧道》是香港流行男歌手陈奕迅的一首国语歌曲，由姚若龙作词，林俊杰作曲，蔡政勋、陈君豪编曲，陈奕迅演唱。收录于专辑《米·闪》中，发行于2014年05月15日。
43,可以了,2014年陈奕迅演唱的歌曲,《可以了》是中国香港流行男歌手陈奕迅演唱的一首歌曲，由林怡凤作词，林俊杰作曲，Martin Tang编曲。收录于专辑《米·闪》中，发行于2014年5月15日。
44,你给我听好,陈奕迅演唱歌曲,《你给我听好》是陈奕迅演唱的一首歌曲，由林夕作词，林俊杰作曲，吴庆隆编曲，2014年4月23日以单曲形式发行，收录于陈奕迅2014年5月15日发行的专辑《米·闪》中。2015年5月18日，林俊杰获得第26届台湾金曲奖最佳作曲人奖、台湾金曲奖最佳单曲制作人奖提名，林夕获得第26届台湾金曲奖最佳作词人奖提名。
45,告别娑婆,陈奕迅演唱歌曲,《告别娑婆》是香港流行男歌手陈奕迅的一首粤语歌曲，由小克作词，Jean Chien、C.Y.Kong作曲，陈奕迅演唱。收录于专辑《The Key》中，发行于2013年07月22日。
46,斯德哥尔摩情人,陈奕迅演唱歌曲,《斯德哥尔摩情人》是香港流行男歌手陈奕迅的一首粤语歌曲，由林夕作词，C.Y.Kong作曲，陈奕迅演唱。收录于专辑《The Key》中，发行于2013年07月22日。
47,任我行,陈奕迅演唱歌曲,《任我行》是香港流行男歌手陈奕迅的一首粤语歌曲，由林夕作词，泽日生作曲，唐奕聪编曲，梁荣骏监制。收录于专辑《The Key》中，发行于2013年7月22日。2013年11月4日，该曲获得2013CASH金帆音乐奖之CASH最佳歌曲大奖；12月26日，该曲获得新城劲爆颁奖礼2013之劲爆年度歌曲大奖。2014年1月1日，2013叱咤乐坛流行榜颁奖典礼在香港举办，该曲获得“我最喜爱的歌曲大奖”及“至尊歌曲大奖”；1月12日，该曲获得第36届十大中文金曲之十大金曲奖及全球华人至尊金曲奖。
48,失忆蝴蝶,陈奕迅演唱歌曲,粤语歌曲《失忆蝴蝶》，由香港流行男歌手陈奕迅演唱，林夕作词，陈晓娟作曲，C.Y.Kong和Gary Tong编曲，于2013年07月22日发行，收录于专辑《The Key》中。
49,床头床尾,陈奕迅演唱歌曲,《床头床尾》是陈奕迅演唱的歌曲，由小克作词，陈奕迅作曲，收录于专辑《The Key》中，发行于2013年07月22日。
50,阿猫阿狗,陈奕迅演唱歌曲,《阿猫阿狗》是香港流行男歌手陈奕迅的一首粤语歌曲，由林夕作词，Jimmy Fung作曲，陈奕迅演唱。收录于专辑《The Key》中，发行于2013年07月22日。
51,同舟之情,张学友、陈奕迅演唱歌曲,《同舟之情》是张学友、陈奕迅合唱歌曲，由陈咏谦、黄沾作词，Eric Kwok（郭伟亮）、顾嘉辉作曲，收录于2013年07月22日发行的专辑《The Key》中。
52,岁月如歌,陈奕迅演唱歌曲,《岁月如歌》是TVB台庆剧《冲上云霄》的主题曲，是香港歌手陈奕迅演唱的歌曲，由徐伟贤作曲，刘卓辉作词，刘志远编曲，收录于2003年7月22日发行的粤语专辑《Live For Today》中，国语版《兄妹》收录于2003年4月1日发行的专辑《黑白灰》中。2014年，该歌曲获得第三十六届十大中文金曲颁奖音乐会十大中文金曲。
53,明年今日,陈奕迅演唱歌曲,《明年今日》是香港流行男歌手陈奕迅的一首粤语歌曲，由林夕作词，陈小霞作曲，陈辉阳编曲，陈奕迅演唱。收录于专辑《The Line-Up》中，发行于2002年07月24日。同时亦是电影《贱精先生》的插曲。《明年今日》的国语版是《十年》。《明年今日》是2002年香港各大颁奖礼的热门之作，在年度新城劲爆、十大劲歌金曲和十大中文金曲的评选中，均获奖。
54,十面埋伏,陈奕迅歌曲,《十面埋伏》是香港歌手陈奕迅演唱的一首歌，由黄伟文作词，郭伟亮作曲，收录于2003年发行的粤语专辑《Live For Today》。此歌也是西门子手机的广告曲。该歌曲在2003年获得TVB十大劲歌金曲奖、新城劲爆颁奖礼劲爆歌曲大奖等奖项。
55,打回原形,陈奕迅演唱歌曲,《打回原形》是由黄伟文作词，阿飞作曲，陈奕迅演唱的一首粤语歌曲，收录于2001年11月8日发行的专辑《The Easy Ride》中。
56,孤独探戈,陈奕迅演唱的歌曲,《孤独探戈》是陈奕迅演唱粤语歌曲，由林夕作词，陈辉阳作曲，收录于陈奕迅2001年发行专辑《Shall We Dance? Shall We Talk!》中。
57,lonely christmas,陈奕迅演唱歌曲,《Lonely Christmas》是由李峻一作词、作曲，Terry Chan编曲，陈奕迅演唱的一首歌曲，收录于专辑《4 A Change &amp; Hits》中，发行于2002年12月01日。同时也是电影《常在我心》的插曲。该歌曲的普通话版是《圣诞结》，收录于2003年11月18日发行的专辑《七》中。
58,1874,陈奕迅粤语歌曲,《1874》是香港流行男歌手陈奕迅的一首粤语歌曲，由黄伟文作词，王双骏作曲，陈奕迅演唱。收录于专辑《The Line-Up》中，发行于2002年07月24日。该歌曲是电影《魂魄唔齐》的主题曲。
59,单车,2001年陈奕迅演唱的歌曲,《单车》是由黄伟文填词，柳重言作曲，陈奕迅演唱的一首粤语歌曲，收录在陈奕迅2001年4月13日发行的粤语专辑《Shall We Dance? Shall We Talk!》中。2001年，该曲获得儿歌金曲颁奖典礼“十大儿歌金曲”奖。
60,人来人往,陈奕迅演唱歌曲,《人来人往》是陈奕迅演唱的一首粤语歌曲，由林夕作词，陈辉阳作曲、编曲，收录在2002年7月24日由英皇唱片发行的粤语专辑《The Line-Up》中。2010年11月2日，该曲获得2010年度CASH金帆音乐奖最佳歌词。
61,一疋布,陈奕迅演唱的歌曲,《一疋布》是陈奕迅的一首粤语歌曲，由黄仲凯作词，陈辉阳作曲，收录于专辑《五星级的家》，发行于2002年06月14日。
62,他一个人,陈奕迅演唱歌曲,《他一个人》是由黄伟文作词，蔡德才作曲，陈奕迅演唱的一首粤语歌曲，收录于专辑《The Easy Ride》中，发行于2001年11月08日。
63,活着多好,陈奕迅演唱歌曲,《活着多好》是陈奕迅的一首歌曲，由黄伟文作词，胡波作曲，陈奕迅演唱，收录于专辑《The Easy Ride》中，发行于2001年11月08日。《活着多好》是2001年陈奕迅和阿Sa主演的电影《常在我心》的主题曲。
64,天使的礼物,陈奕迅演唱歌曲,《天使的礼物》是由林夕作词，陈辉阳作曲，香港男歌手陈奕迅演唱一首粤语歌曲，收录于陈奕迅2001年04月13日发行的专辑《Shall We Dance? Shall We Talk!》中。
65,我不好爱,陈奕迅演唱的歌曲,《我不好爱》是陈奕迅的一首粤语歌曲，由黄伟文作词，Eric Kwok作曲，收录于专辑《The Easy Ride》中，发行于2001年11月08日。
66,小孩不懂怕,陈奕迅演唱的歌曲,《小孩不懂怕》是香港流行男歌手陈奕迅的一首粤语歌曲，由陈文刚作词，阿飞作曲，陈奕迅演唱。收录于专辑《Live For Today》中，发行于2003年07月22日。
67,少见不怪,陈奕迅演唱歌曲,《少见不怪》是由黄敬佩作词，张佳添作曲，陈奕迅演唱的一首歌曲，收录于专辑《Eason 4 A Change &amp;amp; Hits》中，发行于2002年12月05日。
68,绵绵,陈奕迅演唱歌曲,《绵绵》是香港流行男歌手陈奕迅的一首粤语歌曲，由林夕作词，柳重言作曲，陈奕迅演唱。收录于专辑《打得火热》中，发行于2000年09月29日。
69,一切还好,陈奕迅演唱的歌曲,《一切还好》是陈奕迅的一首粤语歌曲，由林夕作词，Adrian Fu（符致逸）作曲，陈奕迅演唱，收于专辑《Great 5000 Secs》中，发行于2005年02月01日。
70,猜情寻,陈奕迅演唱的歌曲,《猜情寻》是由林夕作词，吴国敬、孙伟明作曲，陈奕迅演唱的一首歌曲，收录于专辑《Live For Today》中，发行于2003年07月22日。
71,忘记歌词,陈奕迅演唱歌曲,《忘记歌词》是中国香港流行男歌手陈奕迅的一首粤语歌曲，由黄伟文作词，陈浩然作曲，陈奕迅演唱。收录于2003年7月22日发行的专辑《Live For Today》中。
72,打得火热,陈奕迅演唱歌曲,《打得火热》是由黄伟文作词，陈辉阳作曲，陈奕迅演唱的一首粤语歌曲，收录于2000年09月29日发行的同名专辑《打得火热》中。
73,给爱丽斯,陈奕迅演唱歌曲,《给爱丽斯》是香港流行男歌手陈奕迅的一首粤语歌曲，由陈辉阳根据贝多芬原曲改编作曲，林夕填词，陈奕迅演唱。收录于专辑《Special Thanks To…》，发行于2002年04月02日。
74,2001太空漫游,陈奕迅演唱歌曲,《2001太空漫游》是由黄伟文作词，陈奕迅、陈辉阳作曲，陈奕迅演唱的一首粤语歌曲，收录于陈奕迅2001年04月13日发行的专辑《shall we dance? shall we talk!》中。
75,阿士匹灵,陈奕迅演唱歌曲,《阿士匹灵》是陈奕迅演唱的一首歌曲，由黄伟文填词，陈奂仁谱曲，收录于2001年11月8日发行的专辑《The Easy Ride》中。
76,人工智能,陈奕迅演唱歌曲,《人工智能》是陈奕迅演唱的一首粤语歌曲，由黄伟文作词，Gilitte Leung作曲，收录于专辑《The Easy Ride》中，发行于2001年11月08日。歌曲时长为03分42秒。
77,第一类接触,陈奕迅演唱歌曲,《第一类接触》是由黄敬佩作词，张佳添作曲，陈奕迅演唱的一首粤语歌曲，收录于专辑《4 A Change &amp;amp; Hits》中，发行于2002年12月01日。
78,冲口而出,陈奕迅，叶倩文演唱歌曲,《冲口而出》是陈奕迅，叶倩文在”陈奕迅&amp;amp;叶倩文 903 Id Club 拉阔音乐会“中演唱的一首歌曲。
79,随意门,陈奕迅演唱歌曲,《随意门》是香港流行男歌手陈奕迅的一首粤语歌曲，由黄伟文作词，张佳添作曲，陈奕迅演唱。收录于专辑《The Line-Up》中，发行于2002年07月24日。
80,呀边个边个,陈奕迅演唱的歌曲,《呀边个边个》是香港流行男歌手陈奕迅的一首粤语歌曲，由徐绍祺作词，DAN HOUGESEN / TOM LINDEYBO CHRISTENSEN / SUNE THORBJORNSEN作曲，陈奕迅演唱。收录于专辑《Live For Today》中，发行于2003年07月22日。
81,坏情人,陈奕迅演唱歌曲,《坏情人》是陈奕迅的一首粤语歌曲，由林夕作词，Keith Yip、Holun Mak作曲，陈奕迅演唱。收录于专辑《Sound &amp;amp; Sight》中，发行于2006年12月01日。
82,幸灾乐祸,陈奕迅演唱歌曲,《幸灾乐祸》是香港流行男歌手陈奕迅的一首粤语歌曲，由黄伟文作词，陶喆作曲，陈奕迅演唱。收录于专辑《Live For Today》中，发行于2003年07月22日。
83,最后今晚,2006年陈奕迅演唱的歌曲,《最后今晚》是香港流行男歌手陈奕迅的一首粤语歌曲，由林夕作词，Eric Kwok（郭伟亮）作曲编曲，陈奕迅演唱。收录于专辑《Sound &amp;amp; Sight》中，发行于2006年12月01日。
84,兄妹,2003年陈奕迅演唱歌曲,《兄妹》是由林夕作词，徐伟贤作曲，刘志远编曲，陈奕迅演唱的歌曲，收录于2003年4月15日发行的专辑《黑白灰》中。该歌曲的粤语版是《岁月如歌》，收录于2003年7月22日发行的专辑《Live For Today》中。2003年12月19日，《兄妹》获得第二十六届十大中文金曲优秀国语歌曲奖。
85,爱是怀疑,陈奕迅演唱歌曲,《爱是怀疑》是由陈奂仁作词作曲，香港歌手陈奕迅演唱的歌曲。该曲收录于2001年7月17日发行的专辑《反正是我》中。2002年1月25日，《爱是怀疑》获得第八届华语音乐榜中榜“最受欢迎歌曲奖”。
86,谢谢侬,陈奕迅演唱歌曲,《谢谢侬》是陈奕迅演唱的一首歌曲，由林夕作词，林一峰作曲，Jim Lee（李振权）担任编曲与制作。收录于陈奕迅2002年4月2日由英皇娱乐发行的专辑《Special Thanks To》中。2002年，这首歌获得第4届TVB8金曲榜颁奖典礼金曲奖。2003年获得第9届Channel V全球华语音乐榜中榜最受欢迎歌曲奖。
87,我们都寂寞,陈奕迅演唱歌曲,《我们都寂寞》是陈奕迅演唱的一首歌曲，由林夕作词，符致逸作曲，刘志远编曲。收录于专辑《黑·白·灰》中，发行于2003年4月1日。2004年，该曲获得中华音乐人交流协会的最佳年度单曲创作奖。
88,要你的,陈奕迅演唱的歌曲,《要你的》是香港流行男歌手陈奕迅的一首国语歌曲，由林夕作词，林一峰、李腾机作曲。收录于专辑《黑·白·灰》中，发行于2003年04月01日。该歌曲是金凯瑞《王牌天神》的中文主题曲。
89,LAST ORDER,陈奕迅演唱歌曲,《Last Order》是香港流行男歌手陈奕迅的一首国语歌曲，由黄伟文作词，Eric Kwok作曲。收录于专辑《黑·白·灰》中，发行于2003年04月01日。《Last Order》的粤语版是《New Order》，收录于2003年07月22日发行的专辑《Live For Today》中。
90,世界,陈奕迅演唱歌曲,《世界》是香港流行男歌手陈奕迅的一首国语歌曲，由姚若龙作词，陈小霞作曲。收录于专辑《黑·白·灰》中，发行于2003年04月01日。
91,不如这样,2001年陈奕迅演唱歌曲,《不如这样》是香港流行男歌手陈奕迅的一首歌曲，由林夕填词，陈伟作曲，收录于专辑《反正是我》中，发行于2001年07月17日。
92,没有你,陈奕迅演唱歌曲,《没有你》是陈奕迅的一首普通话歌曲，由陈韦伶作词，陈奕迅作曲并演唱，收录于2001年07月17日发行的专辑《反正是我》中。
93,我也不会那么做,陈奕迅演唱的歌曲,《我也不会那么做》是陈奕迅演唱的歌曲，由陈奂仁作词，陈奕迅作曲，收录于《反正是我》专辑中。
94,稳稳的幸福,2013年陈奕迅演唱的歌曲,《稳稳的幸福》是由小柯作词作曲，陈奕迅演唱的歌曲，2013年1月31日以单曲的形式发行，该曲是电影《越来越好之村晚》的主题曲。2013年12月7日，该曲获得第七届中国移动无线音乐盛典咪咕汇-影视金曲奖。
95,蓝色频闪灯,陈奕迅演唱的歌曲,《蓝色频闪灯》是阿迪达斯的广告歌。由陈奂仁作词、作曲、编曲，香港流行男歌手陈奕迅演唱，发行于2012年10月11日。
96,重口味,2012年陈奕迅演唱的歌曲,《重口味》是陈奕迅演唱的歌曲，由黄伟文填词，郭伟亮、陈哲庐作曲及编曲，收录于陈奕迅2012年发行的音乐专辑《…3mm》中。2012年，该曲在新城劲爆颁奖礼上获得新城全球劲爆歌曲大奖；黄伟文则凭借该曲获得新城劲爆填词大奖。
97,非礼,陈奕迅演唱歌曲,《非礼》是香港流行男歌手陈奕迅的一首粤语歌曲，由小克作词，Eric Kwok（郭伟亮） / Jerald（陈哲庐）作曲，Swing编曲，陈奕迅演唱。收录于专辑《…3mm》中，发行于2012年7月30日。
98,CLASS,陈奕迅演唱歌曲,《Class》是香港流行男歌手陈奕迅的一首粤语歌曲，由林宝作词，Eric Kwok（郭伟亮） / Jerald（陈哲庐）编曲，陈奕迅演唱。收录于专辑《…3mm》中，发行于2012年7月30日。
99,碌卡,陈奕迅演唱的歌曲,《碌卡》是香港流行男歌手陈奕迅的一首粤语歌曲，由陈咏谦作词，Eric Kwok（郭伟亮）、Jerald（陈哲庐）作曲，Swing编曲，陈奕迅演唱。收录于专辑《…3mm》中，发行于2012年7月30日。《碌卡》描绘大家时常最爱打人情牌的习惯，在跃动的bass line下做出了80年代Funky风格。而陈咏谦的词更描画出人人为私利最爱走后门，靠关系得到益处，亦即香港人俗称的“碌卡”，请人帮忙去拿取好处。不过所有人不停的刷卡，似乎大家都忘记了人情债，其实是需要还的。
100,笑死朕,陈奕迅演唱歌曲,《笑死朕》是香港流行男歌手陈奕迅的一首粤语歌曲，由陈咏谦作词，Jerald（陈哲庐）作曲，Swing编曲，陈奕迅演唱。收录于专辑《…3mm》中，发行于2012年7月30日。
101,蚊,陈奕迅演唱歌曲,《蚊》是由林若宁作词，Eric Kwok（郭伟亮）、Jerald（陈哲庐）作曲，Swing编曲，陈奕迅演唱的一首歌曲，收录于专辑《…3mm》中，发行于2012年7月30日。
102,LET IT OUT,陈奕迅演唱歌曲,《Let It Out》是陈奕迅的一首粤语歌曲，由林若宁、Eric Kwok（郭伟亮）作词，Eric Kwok作曲，Swing编曲，陈奕迅演唱。收录于专辑《…3mm》中，发行于2012年7月30日。
103,习惯说,陈奕迅演唱歌曲,《习惯说》是香港流行男歌手陈奕迅的一首粤语歌曲，由陈咏谦作词，陈奕迅、Eric Kwok（郭伟亮）作曲，Swing编曲，陈奕迅演唱。收录于专辑《…3mm》中，发行于2012年7月30日。
104,信任,陈奕迅演唱歌曲,《信任》是香港流行男歌手陈奕迅的一首粤语歌曲，由小克作词，Eric Kwok（郭伟亮）、Jerald（陈哲庐）作曲，Swing编曲，陈奕迅演唱。收录于专辑《…3mm》中，发行于2012年7月30日。
105,完,2012年陈奕迅演唱的歌曲,《完》是陈奕迅演唱的一首粤语歌曲，由林宝作词，陈思捷、郭伟亮作曲、Swing编曲。收录在其于2012年8月10日发行的专辑《…3mm》中，普通话版本为《梦想天空分外蓝》。2012年，该曲获得新城劲爆颁奖礼“新城劲爆歌曲奖”。
106,相信自己无限极,2012年陈奕迅演唱歌曲,《相信自己无限极》是2012年无限极“世界行走日”活动主题曲，也是江苏卫视《最强大脑》的节目主题曲。由陈少琪作词，庄冬昕作曲，香港流行男歌手陈奕迅演唱，发行于2012年06月29日。
107,人人爱,陈奕迅演唱的歌曲,《人人爱》是由陈少琪作词，C.Y.Kong、陈奕迅作曲编曲，香港流行男歌手陈奕迅演唱。发行于2012年04月18日。此外，据悉正忙于全国巡演的陈奕迅也将在“DUO陈奕迅2012演唱会”中表演这支新歌。陈奕迅也表示：“在接下来的演出中，会把好玩的‘果粒’元素带到表演中，让大家看到更多不一样的精彩”。还等什么?不同生活、不同身份、不同星座的朋友们，快快跟着新歌一起投入到Eason的狂热中吧!
108,孤独患者,陈奕迅演唱歌曲,《孤独患者》是香港流行男歌手陈奕迅的一首国语歌曲，由小寒填词，方大同谱曲，陈奕迅演唱。收录于专辑《?》中，发行于2011年11月11日。2012年，《孤独患者》获得“第十二届全球华语歌曲排行榜——年度二十大金曲”奖。
109,哎呀咿呀,陈奕迅演唱歌曲,《哎呀咿呀》是香港流行男歌手陈奕迅的一首国语歌曲，由小克作词，周国贤作曲，陈奕迅演唱。收录于专辑《?》中，发行于2011年11月11日。《哎呀咿呀》的粤语版是《张氏情歌》。
110,看穿,陈奕迅演唱歌曲,《看穿》是由蓝又时作词、作曲，唐奕聪编曲，梁荣骏监制，陈奕迅演唱的一首歌曲。收录于专辑《?》中，发行于2011年11月11日。该歌曲的粤语版是《神奇化妆师》。
111,吟游诗人,陈奕迅演唱歌曲,《吟游诗人》是香港流行男歌手陈奕迅的一首国语歌曲，由曾纪诺作词，黄丹仪作曲，陈奕迅演唱。收录于专辑《?》中，发行于2011年11月11日。
112,张氏情歌,陈奕迅演唱的歌曲,《张氏情歌》是中国香港流行男歌手陈奕迅的一首粤语歌曲，由小克作词，周国贤作曲，陈奕迅演唱。收录于专辑《?》中，发行于2011年11月11日。《张氏情歌》的国语版是《哎呀咿呀》。
113,baby song,陈奕迅演唱的歌曲,《Baby Song》是香港流行男歌手陈奕迅的一首国语歌曲，由岑宁儿作词、作曲、编曲、监制，陈奕迅演唱。收录于专辑《?》中，发行于2011年11月11日。MV由陈奕迅父女共同演绎，收录于专辑《?》中，发行于2011年11月11日。
114,听一千遍后,陈奕迅演唱歌曲,《听一千遍后》是陈奕迅演唱，由姚谦作词，John Laudon（刘诺生）作曲的一首国语歌曲。收录于2005年6月14日专辑《？》中。
115,内疚,陈奕迅演唱歌曲,《内疚》是香港流行男歌手陈奕迅的一首国语歌曲，由陈奂仁、陈奕迅作词，陈奂仁、何秉舜作曲编曲，陈奕迅演唱。收录于专辑《？》中，发行于2011年11月11日。
116,还要不要走,陈奕迅演唱的歌曲,《还要不要走》是陈奕迅演唱，由曲世聪作词作曲，刘志远编曲的一首国语歌曲。收录于2011年11月11日专辑《？》中。
117,积木,陈奕迅演唱歌曲,《积木》是由姚若龙作词，陈小霞作曲，陈奕迅演唱的一首歌曲，收录于专辑《？》中，发行于2011年11月11日。
118,神奇化妆师,陈奕迅演唱的歌曲,《神奇化妆师》是中国香港流行男歌手陈奕迅的一首国语歌曲，由林夕作词，蓝又时作曲，唐奕聪编曲，陈奕迅演唱。收录于专辑《？》中，发行于2011年11月11日。《神奇化妆师》的国语版是《看穿》。
119,Muffin Man,陈奕迅演唱的歌曲,《Muffin Man》是香港流行男歌手陈奕迅的一首英语歌曲，由Adrian Fu（符致逸）作词作曲，陈奕迅演唱。收录于专辑《？》中，发行于2011年11月11日。《Muffin Man》的国语版是《那些让你死去活来的女孩》。
120,那些让你死去活来的女孩,陈奕迅演唱的歌曲,《那些让你死去活来的女孩》是香港流行男歌手陈奕迅的一首英语歌曲，由黄伟文作词，Adrian Fu（符致逸）作曲，陈奕迅演唱。收录于专辑《？》中，发行于2011年11月11日。《那些让你死去活来的女孩》的英语版是《Muffin Man》。
121,最后派对,陈奕迅演唱的歌曲,《最后派对》是香港流行男歌手陈奕迅的一首歌曲，由林若宁作词，Larry Wong（黄思律）、Schumann（舒文）作曲，陈奕迅演唱。收录于专辑《Stranger under my skin》中，发行于2011年02月22日。歌曲讲述了一位乐天派的死亡追悼会。
122,苦瓜,陈奕迅演唱歌曲,《苦瓜》是香港流行男歌手陈奕迅的一首歌曲，由黄伟文作词，章霈迎作曲，陈奕迅演唱。收录于专辑《Stranger under my skin》中，发行于2011年02月22日，《苦瓜》是该EP的主打歌。2011年12月28日，“新城劲爆颁奖礼2011”在香港举办，该曲获得年度歌曲大奖及播放指数大奖。2012年1月1日，该曲获得2011叱咤乐坛我最喜爱的歌曲大奖；2月25日，该曲获得2011年度雪碧中国原创音乐流行榜港台金曲奖；12月11日，该曲获得2012华语金曲奖之十大华语金曲奖。
123,沼气,陈奕迅演唱歌曲,《沼气》是香港流行男歌手陈奕迅的一首歌曲，由陈咏谦作词，舒文作曲，陈奕迅演唱。收录于专辑《Stranger under my skin》中，发行于2011年02月22日。
124,My Private Christmas Song,陈奕迅演唱的歌曲,《My Private Christmas Song》是香港流行男歌手陈奕迅的一首英语歌曲，由舒文作词作曲，陈奕迅演唱。收录于专辑《Stranger under my skin》中，发行于2011年02月22日。
125,乐园,陈奕迅、黄韵玲演唱歌曲,《乐园》是由黄韵玲作词作曲，陈奕迅、黄韵玲演唱。收录于专辑《Stranger Under My Skin》中，发行于2011年02月22日。
126,因为爱情,陈奕迅、王菲演唱的歌曲,《因为爱情》是由小柯作词作曲及编曲，陈奕迅、王菲演唱的歌曲，亦是电影《将爱情进行到底》的主题曲，收录于陈奕迅2011年发行的专辑《Stranger Under My Skin》中。2011年11月18日，该曲获得第11届CASH音乐金帆奖最佳合唱演绎奖。2012年，该歌曲获得了第11届CCTV-MTV音乐盛典年度最受欢迎金曲奖。
127,讲男讲女,陈奕迅、露云娜演唱歌曲,《讲男讲女》是香港流行男歌手陈奕迅的一首粤语歌曲，由蓝奕邦作词，伍仲衡作曲，陈奕迅、露云娜演唱。收录于专辑《Taste the Atmosphere》中，发行于2010年10月15日。
128,叶问风中转,陈奕迅演唱的歌曲,《叶问风中转》是中国香港流行男歌手陈奕迅演唱的一首粤语歌曲，收录于专辑《Taste the Atmosphere》中。《叶问风中转》是电视剧《冲上云霄II》的插曲。
129,超错,陈奕迅演唱的歌曲,《超错》是陈奕迅的一首粤语歌曲，由潘源良作词，John Laudon（刘诺生）作曲，陈奕迅演唱。收录于专辑《Taste the Atmosphere》中，发行于2010年10月15日。
130,无限之城,陈奕迅演唱的歌曲,《无限之城》是2010上海世博会的香港主题曲，演唱是香港艺人陈奕迅，所属专辑《无限之城》。
131,City Of Hope,陈奕迅演唱的歌曲,《City Of Hope》是陈奕迅演唱的一首歌曲，收录于专辑《无限之城》中。
132,无人之境,陈奕迅演唱歌曲,《无人之境》是香港流行男歌手陈奕迅的一首粤语歌曲，由黄伟文作词，Eric Kwok（郭伟亮）作曲，收录于专辑《Time Flies》中，发行于2010年03月12日。
133,大人,2010年陈奕迅演唱歌曲,《大人》是香港流行男歌手陈奕迅的一首粤语歌曲，由陈咏谦作词，Eric Kwok（郭伟亮）作曲，收录于专辑《Time Flies》中，发行于2010年03月12日。
134,一丝不挂,陈奕迅演唱歌曲,《一丝不挂》是香港流行男歌手陈奕迅的一首粤语歌曲，由林夕填词、泽日生作曲、陈珀编曲、粱荣骏监制，陈奕迅演唱。收录于专辑《Time Flies》中，发行于2010年03月12日。2010年11月1日，《一丝不挂》获得香港CASH（香港作曲家及作词家协会）金帆音乐奖“最佳歌曲奖”和“最佳旋律奖”。
135,陀飞轮,陈奕迅演唱歌曲,《陀飞轮》是香港流行男歌手陈奕迅的一首粤语歌曲，由黄伟文作词，Vincent Chow作曲，陈奕迅演唱。收录于专辑《Time Flies》中，发行于2010年03月12日。获得第33届十大中文金曲颁奖典礼“全球华人至尊金曲”“十大中文金曲”和2010年度叱吒乐坛流行榜颁奖典礼“专业推介叱咤十大歌曲第五位”等奖项。
136,心腹,陈奕迅演唱歌曲,《心腹》是麦当劳35周年主题曲，由黄伟文作词，Eric Kwok（郭伟亮）作曲，香港流行男歌手陈奕迅演唱。收录于专辑《Time Flies》中，发行于2010年03月12日。
137,味之素,陈奕迅演唱歌曲,《味之素》是中国香港男歌手陈奕迅的一首粤语歌曲，由黄伟文作词，陈羽恒作曲，陈奕迅演唱。收录于2010年3月12日发行的专辑《Time Flies》中。
138,在你身边,陈奕迅演唱歌曲,《在你身边》是2010年上海世博会志愿者之歌，由陈少琪作词，张亚东作曲，香港流行男歌手陈奕迅演唱。收录于专辑《上五楼的快活》中，发行于2009年09月23日。
139,这样的一个麻烦,陈奕迅演唱的歌曲,《这样的一个麻烦》是香港流行男歌手陈奕迅的一首国语歌曲，由吴青峰作词作曲，陈奕迅演唱。收录于专辑《上五楼的快活》中，发行于2009年09月23日。
140,多少,陈奕迅演唱歌曲,《多少》由蔡健雅作词作曲，陈奕迅演唱的一首歌曲。收录于2009年09月23日的专辑《上五楼的快活》中。
141,Nothing Ever Happened,陈奕迅演唱的歌曲,《Nothing Ever Happened》是香港流行男歌手陈奕迅的一首歌曲，由林嘉欣作词，林暐哲作曲，陈奕迅演唱。收录于专辑《上五楼的快活》中，发行于2009年09月23日。
142,你为什么哭了呢,陈奕迅演唱的歌曲,《你为什么哭了呢》是陈奕迅演唱的歌曲，由范晓萱作曲、王小苗作词，收录于2009年9月23日发行的专辑《上五楼的快活》中。
143,谋情害命,陈奕迅演唱的歌曲,《谋情害命》是香港流行男歌手陈奕迅的一首国语歌曲，由黄伟文作词，吴青峰作曲，陈奕迅演唱。收录于专辑《上五楼的快活》中，发行于2009年09月23日。
144,我甲你,陈奕迅演唱的台语歌曲,《我甲你》是香港流行男歌手陈奕迅唯一的一首台语歌曲，由乱弹阿翔作词作曲，陈奕迅演唱。收录于专辑《上五楼的快活》中，发行于2009年09月23日。
145,心的距离,陈奕迅演唱歌曲,《心的距离》是香港流行男歌手陈奕迅的一首国语歌曲，由小安作词作曲，陈奕迅演唱。收录于专辑《上五楼的快活》中，发行于2009年09月23日。
146,床头灯,陈奕迅演唱歌曲,《床头灯》是香港流行男歌手陈奕迅的一首国语歌曲，由葛大为作词，李雨寰作曲，陈奕迅演唱。收录于专辑《上五楼的快活》中，发行于2009年09月23日。
147,给你,陈奕迅演唱歌曲,《给你》是香港流行男歌手陈奕迅的一首国语歌曲，由李焯雄作词，陈奕迅作曲并演唱。收录于专辑《上五楼的快活》中，发行于2009年09月23日。
148,"Allegro, Opus 3.3 a.m.",陈奕迅演唱的歌曲,"《Allegro, Opus 3.3 a.m.》是香港流行男歌手陈奕迅的一首粤语歌曲，由小克作词 ，唐奕聪作曲，陈奕迅演唱。收录于专辑《H3M》中，发行于2009年03月23日。"
149,还有什么可以送给你,陈奕迅演唱的歌曲,《还有什么可以送给你》是由周耀辉作词 ，Davy Chan（陈匡荣）作曲，刘志远编曲，陈奕迅演唱的一首歌曲，收录于专辑《H3M》中，2009年3月23日发行。
150,今天只做一件事,陈奕迅演唱的歌曲,《今天只做一件事》是香港流行男歌手陈奕迅的一首粤语歌曲，由周耀辉作词 ，Joey Tang、舒文作曲，陈奕迅演唱。收录于专辑《H3M》中，发行于2009年03月23日。整首歌曲都有和音伴随，加上潺潺的流水声，是一首柔和轻快的歌曲。
151,一个旅人,陈奕迅演唱的歌曲,《一个旅人》是陈奕迅演唱，由余绍祺作词 ，雷有辉作曲的一首粤语单曲。收录于2009年03月23日专辑《H3M》中。
152,七百年后,2009年陈奕迅演唱的歌曲,《七百年后》是香港男歌手陈奕迅的一首粤语歌曲，由林若宁作词、柳重言作曲、C.Y. Kong编曲，陈奕迅演唱，收录于专辑《H3M》中，发行于2009年03月23日。2009年，该歌曲获得2009CASH金帆音乐奖最佳歌曲、最佳歌词奖；2010年香港叱咤乐坛至尊歌曲大奖；My Astro至尊流行榜2009至尊金曲；第32届十大中文金曲、全球华人至尊金曲奖；华语金曲奖2010十大华语金曲奖、年度最佳粤语歌曲奖等奖项。
153,Life goes on,陈奕迅演唱歌曲,《Life Goes On》是香港流行男歌手陈奕迅的一首粤语歌曲，由谭健文作词 ，孙伟明作曲，陈奕迅演唱。收录于专辑《H3M》中，发行于2009年03月23日。
154,太阳照常升起,陈奕迅演唱歌曲,《太阳照常升起》是香港流行男歌手陈奕迅的一首粤语歌曲，由林夕作词 ，黄仲贤作曲，陈奕迅演唱。收录于专辑《H3M》中，发行于2009年03月23日。
155,沙龙,陈奕迅演唱歌曲,《沙龙》是香港男歌手陈奕迅演唱的一首粤语歌曲，由黄伟文作词，陈奕迅作曲。收录于专辑《H3M》中，发行于2009年03月23日。
156,每一个明天,陈奕迅演唱的歌曲,《每一个明天》是陈奕迅演唱的粤语歌曲，收录于专辑《天佑爱人》，发行于1999年05月26日。1999年，该曲获得第二十二届十大中文金曲颁奖典礼十大中文金曲奖。
157,K歌之王,陈奕迅演唱歌曲（粤语）,《K歌之王》是由林夕作词，陈辉阳作曲、编曲，陈奕迅演唱的一首粤语歌曲，收录于陈奕迅2000年9月29日发行的粤语专辑《打得火热》中。
158,与我常在,陈奕迅演唱歌曲,《与我常在》是由林夕作词，林健华作曲，Lom Leber编曲，陈奕迅演唱的一首粤语歌曲，收录于同名专辑《与我常在》中，发行于1997年04月12日。该歌曲获得第二十届十大中文金曲颁奖音乐会最佳创作歌曲。
159,幸福摩天轮,陈奕迅演唱歌曲,《幸福摩天轮》是由林夕作词，Eric Kwok（郭伟亮）作曲，陈奕迅演唱的一首歌曲，收录于专辑《幸福》中，发行于1999年11月24日。1999年，该歌曲获得年度叱咤乐坛流行榜颁奖典礼之专业推介叱咤十大（第八位）、叱咤乐坛我最喜爱的歌曲大奖、四台联颁大奖-歌曲大奖等奖项。
160,时代曲,陈奕迅演唱歌曲,《时代曲》是由黄伟文作词，江港生、陈奕迅作曲，杨云骠编曲，陈奕迅演唱的一首粤语歌曲。收录于陈奕迅第一张音乐专辑《陈奕迅》中，发行于1996年12月11日。
161,天下无双,陈奕迅演唱歌曲,《天下无双》是由林振强作词，柳重言作曲，编曲，陈奕迅演唱的歌曲，收录于陈奕迅1998年5月26日由华星唱片发行的专辑《我的快乐时代》中。1998年，该曲获得第21届十大中文金曲颁奖礼十大中文金曲。
162,伤信,陈奕迅演唱歌曲,《伤信》是由周礼茂作词，西村由纪江作曲，黄丹仪编曲，陈奕迅演唱的一首粤语歌曲，收录于陈奕迅第一张音乐专辑《陈奕迅》中，发行于1996年12月11日。
163,我的快乐时代,陈奕迅演唱歌曲,《我的快乐时代》是由林夕作词，林健华作曲，陈奕迅演唱的一首粤语歌曲。收录于同名专辑《我的快乐时代》中，发行于1998年05月26日。
164,时光倒流二十年,陈奕迅演唱歌曲,《时光倒流二十年》是香港流行男歌手陈奕迅的一首粤语歌曲，由林夕作词，伍乐城作曲，陈奕迅演唱。收录于专辑《幸福》中，发行于1999年11月24日。
165,新生活,陈奕迅演唱歌曲,《新生活》是由黄伟文作词，陈奕迅作曲并演唱的一首粤语歌曲，收录于同名专辑《新生活》中，发行于1998年12月10日。
166,贝多芬与我,陈奕迅演唱歌曲,《贝多芬与我》是陈奕迅的一首粤语歌曲，由黄伟文填词， Eric Kwok（郭伟亮）谱曲，收录于专辑《天佑爱人》中，发行于1999年05月26日。
167,今日,陈奕迅歌曲,《今日》是陈奕迅于1999年发行的粤语专辑《天佑爱人》中收录的一首歌曲，由林振强作词，柳重言作曲。这首歌曾在2007年-2009年的Eason&#039;s Moving On世界巡回演唱会和2013-2016年的Eason&#039;s LIFE世界巡回演唱会中演唱。
168,黄金时代,陈奕迅演唱歌曲,《黄金时代》是陈奕迅的演唱一首粤语歌曲，由柳重言作曲，林夕作词，收录于1998年5月26日发行的专辑《我的快乐时代》中。
169,低等动物,陈奕迅演唱歌曲（粤）,《低等动物》是香港流行男歌手陈奕迅的一首粤语歌曲，由黄伟文作词，钱文璟作曲，陈奕迅演唱。《低等动物》有粤语版和国语版两个版本，粤语版收录于2000年09月29日发行的专辑《打得火热》中，国语版收录于2001年07月17日发行的专辑《反正是我》中。
170,昨日,陈奕迅演唱歌曲,《昨日》是香港流行男歌手陈奕迅的一首粤语歌曲，收录于专辑《天佑爱人》，发行于1999年05月26日。
171,第五个现代化,陈奕迅演唱歌曲,《第五个现代化》是陈奕迅演唱的歌曲，由周耀辉填词，蔡一智谱曲，收录在陈奕迅2000年09月01日发行的专辑《68分29秒》中。
172,Katrina,陈奕迅演唱歌曲,《Katrina》是由黄伟文作词，陶喆作曲，陈奕迅演唱的一首歌曲，收录于专辑《Live For Today》中，发行于2003年07月22日。
173,反高潮,1998年陈奕迅演唱的歌曲,《反高潮》是由黄伟文作词，陈奕迅作曲，王双骏编曲，陈奕迅演唱的一首粤语歌曲，收录于专辑《我的快乐时代》中，发行于1998年05月26日。
174,阿怪,陈奕迅演唱歌曲,《阿怪》是香港流行男歌手陈奕迅的一首国语歌曲，由林夕作词，An Hougesen、Tom Lindby、Bo Christensen、Sune Thorbjo作曲。收录于专辑《黑·白·灰》中，发行于2003年04月01日。
175,没有手机的日子,陈奕迅演唱歌曲,《没有手机的日子》是由林夕作词，Seth Swirsky作曲，Jim Lee编曲，香港歌手陈奕迅演唱的一首国语流行歌曲，该曲发行于2004年7月1日，收录于专辑《Special Thanks To…》中。
176,十年,2003年陈奕迅演唱歌曲,《十年》是陈奕迅演唱的一首歌曲，由林夕作词，陈小霞作曲，陈辉阳编曲，收录在陈奕迅2003年4月15日由英皇唱片发行的专辑《黑白灰》中。该歌曲是电视剧《女才男貌》的片尾曲， 亦是电影《摆渡人》《隐婚男女》的插曲，粤语版本为《明年今日》，收录在陈奕迅2002年由英皇唱片发行的粤语专辑《The Line-Up》中。2004年，该歌曲获得第四届百事音乐风云榜十大金曲。2011年，该歌曲获得LOVE RADIO 103.7FM主办的“新世纪十年十大华语情歌”冠军。
177,圣诞结,陈奕迅演唱的歌曲,《圣诞结》是陈奕迅演唱的歌曲，由何启弘作词，李峻一作曲，Terry Chang编曲，收录在陈奕迅2003年11月18日由英皇唱片发行的专辑《七》中。该歌曲的粤语版是《Lonely Christmas》，收录于2002年12月01日的专辑《4 A Change &amp; Hits》中。
178,Because You're Good To Me,陈奕迅演唱的歌曲,《Because You&#039;re Good To Me》是香港流行男歌手陈奕迅的一首国语歌曲，由陈奂仁、黄振轩作词，陈奂仁作曲，陈奕迅演唱。收录于专辑《反正是我》中，发行于2001年07月17日。
179,狂人日记,陈奕迅演唱歌曲,《狂人日记》是由林夕填词、Adrian Fu谱曲、刘志远编曲，陈奕迅演唱的一首歌曲，收录于其专辑《Special Thanks To...》。
180,像一句广告,陈奕迅演唱的歌曲,《像一句广告》是2003年陈奕迅的一首国语歌曲，由于光中作词，WARUT&quot;SEVENDOGS&quot;RINTRANUKUKUL作曲。收录于专辑《黑·白·灰》中，发行于2003年04月01日。
181,寂寞让你更快乐,陈奕迅演唱歌曲,《寂寞让你更快乐》是陈奕迅演唱的一首国语歌曲，由郭小宏作词，阿飞作曲，收录于专辑《七》中，发行于2003年11月1日。
182,人造卫星,陈奕迅演唱歌曲,《人造卫星》是香港流行男歌手陈奕迅的一首国语歌曲，由林夕作词，Hugesen D Christensen B作曲，陈奕迅演唱。收录于专辑《Special Thanks To…》中，发行于2002年04月02日。
183,歌·颂,2008年陈奕迅演唱的歌曲,《歌·颂》是由林夕作词，王双骏作曲，陈奕迅演唱的一首歌曲，收录于专辑《Solidays》中，发行于2008年08月26日。
184,阿牛,陈奕迅演唱歌曲,《阿牛》是中国香港流行男歌手陈奕迅演唱的一首粤语歌曲，由林夕作词，雷颂德作曲，陈奕迅演唱。收录于专辑《U87》中，发行于2005年6月7日。
185,浮夸,陈奕迅演唱歌曲,《浮夸》是陈奕迅演唱的一首粤语歌曲，由黄伟文作词，江志仁作曲、编曲，收录在陈奕迅2005年6月7日由环球唱片发行的粤语专辑《U87》中。该歌曲是陈奕迅的代表作之一。2005年，该曲获得2005年度CASH金帆音乐奖最佳旋律及最佳歌词奖。
186,葡萄成熟时,陈奕迅演唱歌曲,《葡萄成熟时》是陈奕迅演唱的一首粤语歌曲，由黄伟文作词，Vincent Chow、Anfernee Cheung作曲，Adrian Chan编曲，收录于陈奕迅2005年6月7日由新艺宝唱片发行的录音室专辑《U87》中。歌词借用对葡萄的苦心种植却收获寥寥描述出作者对人生、爱情的另一番理解与智慧。属黄伟文代表作品，理性歌曲中难得的金曲。陈奕迅在2010DUO香港红磡体育馆演唱会时深情演唱至落泪。
187,听听,陈奕迅演唱歌曲,《听听》是香港流行男歌手陈奕迅的一首粤语歌曲，由黄伟文作词，王双骏作曲，陈奕迅演唱。收录于专辑《怎么样》中，发行于2005年11月23日。
188,人神斗,陈奕迅演唱的歌曲,《人神斗》是香港流行男歌手陈奕迅的一首粤语歌曲，由周耀辉作词，王双骏作曲，陈奕迅演唱。收录于专辑《怎么样》中，发行于2005年11月23日。《人神斗》是音乐剧《人神斗》的主题曲。
189,低调,陈奕迅演唱歌曲,《低调》是香港流行男歌手陈奕迅的一首粤语歌曲，由黄伟文作词，Eric Kwok（郭伟亮）作曲，陈奕迅演唱。收录于专辑《Life Continues》中，发行于2006年06月15日。
190,最佳损友,陈奕迅演唱歌曲,《最佳损友》是陈奕迅演唱的一首粤语歌曲，由黄伟文作词，Eric Kwok（郭伟亮）作曲。收录于专辑《Life Continues》中，发行于2006年6月15日。2006年12月26日，该曲获得2006香港新城劲爆颁奖礼新城劲爆歌曲奖。2007年1月13日，该曲获得2006年度TVB十大劲歌金曲颁奖礼十大劲歌金曲奖；1月27日，该曲获得第29届十大中文金曲颁奖礼十大中文金曲。
191,暴殄天物,陈奕迅演唱歌曲,《暴殄天物》是香港流行男歌手陈奕迅的一首粤语歌曲，由黄伟文作词，Jerald（陈哲庐）作曲，陈奕迅演唱。收录于专辑《Life Continues》中，发行于2006年06月15日。
192,落花流水,陈奕迅演唱歌曲,《落花流水》是香港流行男歌手陈奕迅的一首粤语歌曲，由黄伟文作词，Eric Kwok（郭伟亮）作曲，陈奕迅演唱。收录于专辑《Life Continues》中，发行于2006年06月15日。黄伟文的词，加上陈奕迅的声音，堪称完配。歌曲借用落花与流水的关系，喻出对人生、爱情的独特理解，属理性歌曲中的典范。
193,天下太平,陈奕迅、张学友演唱歌曲,《天下太平》是一首粤语歌曲，由林夕作词，伍乐城作曲，陈奕迅、张学友演唱。收录于陈奕迅的专辑《Solidays》中，发行于2008年08月26日。
194,裙下之臣,陈奕迅演唱的歌曲,《裙下之臣》是香港流行男歌手陈奕迅演唱的一首粤语歌曲，由黄伟文作词，Alex San（辛伟力）谱曲并编曲，收录于2006年11月23日发行的专辑《What&amp;#39;S Going On...?》中。2016年获得“音乐先锋榜”第一名和新城劲爆歌曲奖。
195,不如不见,陈奕迅演唱歌曲,《不如不见》是香港流行男歌手陈奕迅的一首粤语歌曲，由林夕填词、陈小霞作曲，陈奕迅演唱。收录于专辑《What&amp;#39;S Going On...?》中，发行于2006年11月23日。《不如不见》的国语版是《好久不见》，收录于2007年4月24日发行的专辑《认了吧》中。
196,黑择明,陈奕迅演唱歌曲,《黑择明》是香港流行男歌手陈奕迅的一首粤语歌曲，由林夕作词，C.Y.Kong（江志仁）作曲，陈奕迅演唱。收录于专辑《What&amp;#39;S Going On...?》中，发行于2006年11月23日。《黑择明》的国语版是《月黑风高》，收录于2007年04月24日发行的专辑《认了吧》中。
197,天公地道,陈奕迅演唱歌曲,《天公地道》是香港流行男歌手陈奕迅的一首粤语歌曲，由黄仲凯填词、徐伟贤作曲，陈奕迅演唱。收录于专辑《What&#039;S Going On...?》中，发行于2006年11月23日。
198,富士山下,陈奕迅演唱歌曲,《富士山下》是陈奕迅演唱的一首粤语歌曲，由泽日生作曲，林夕填词，陈珀、C.Y.Kong（江志仁）编曲，Alvin Leong（梁荣骏）监制，收录于陈奕迅2006年11月23日由环球唱片发行的粤语专辑《What&#039;S Going On...?》中。《富士山下》的普通话版是《爱情转移》，收录于陈奕迅2007年4月24日由环球唱片发行的普通话专辑《认了吧》中。2007年，《富士山下》获得了2007年度CASH金帆音乐奖“最佳歌曲大奖”、第三十届十大中文金曲颁奖礼“全球华人至尊金曲奖”和2007年度十大劲歌金曲颁奖典礼“十大劲歌金曲”等奖项。
199,粤语残片,香港流行男歌手陈奕迅的粤语歌曲,《粤语残片》是香港流行男歌手陈奕迅的一首粤语歌曲，由周博贤作词，C.Y.Kong（江志仁）和陈奕迅作曲，陈奕迅演唱。收录于专辑《What&amp;#39;s Going On…?》中，发行于2006年11月23日。《粤语残片》的国语版是《白色球鞋》，收录于2006年11月23日发行的专辑《认了吧》中。
200,热岛小夜曲,陈奕迅演唱的歌曲,《热岛小夜曲》是中国香港流行男歌手陈奕迅的一首粤语歌曲，由林夕作词，肖光伟作曲，陈奕迅演唱。收录于专辑《Listen To Eason Chan》中，发行于2007年10月18日。
201,演唱会,陈奕迅演唱歌曲,《演唱会》是陈奕迅的一首粤语歌曲，收录于《Listen To Eason Chan》中，由陈诗慧作词，C.Y. Kong（江志仁）作曲，陈奕迅演唱，发行于2007年10月18日。
202,变色龙,陈奕迅演唱歌曲,《变色龙》是香港流行男歌手陈奕迅的一首粤语歌曲，由周耀辉作词，王双骏作曲，陈奕迅演唱。收录于专辑《Listen To Eason Chan》中，发行于2007年10月18日。
203,时代巨轮,陈奕迅演唱歌曲,《时代巨轮》是香港流行男歌手陈奕迅的一首粤语歌曲，由林若宁作词，郭伟亮、孙伟明作曲，陈奕迅演唱。收录于专辑《Listen To Eason Chan》中，发行于2007年10月18日。《时代巨轮》获得2008年度TVB8金曲榜颁奖典礼全球观众最爱粤曲歌金奖。
204,只是近黄昏,陈奕迅演唱歌曲,《只是近黄昏》是香港流行男歌手陈奕迅的一首粤语歌曲，由林夕作词，Eric Kwok作曲，陈奕迅演唱。收录于专辑《Solidays 新曲+精选》中，发行于2008年08月26日。
205,后台,陈奕迅演唱歌曲,《后台》是一首由黄伟文作词，Adam作曲，陈奕迅演唱的歌曲。收录于专辑《Solidays》中，发行于2008年08月26日。
206,倒带人生,陈奕迅演唱歌曲,《倒带人生》是香港流行男歌手陈奕迅的一首国语歌曲，由葛大为作词，方大同作曲，收录于专辑《不想放手》中，发行于2008年06月30日。
207,Aren't You Glad,陈奕迅演唱的歌曲,《Aren&#039;t You Glad》是一首由Russell Harris作词、作曲，刘志远编曲，陈奕迅演唱的英文歌曲。收录于专辑《不想放手》中，发行于2008年06月30日。
208,不要说话,陈奕迅演唱歌曲,《不要说话》是中国香港流行男歌手陈奕迅演唱的一首歌曲，由小柯填词、谱曲，Mac Chew编曲，收录在陈奕迅2008年6月30日由环球唱片发行的专辑《不想放手》中。该歌曲是陈奕迅为电影《时尚先生》灌录的主题曲。2009年，陈奕迅凭借《不要说话》该歌曲荣获第13届中华音乐人交流协会年度十大金曲。
209,土星环,陈奕迅演唱歌曲,《土星环》是香港流行男歌手陈奕迅的一首国语歌曲，由黄伟文作词，Adrian Fu（符致逸）作曲，陈奕迅演唱。收录于专辑《不想放手》中，发行于2008年6月30日。
210,然后怎样,陈奕迅演唱的歌曲,《然后怎样》是香港流行男歌手陈奕迅的一首国语歌曲，由林夕作词，曲世聪作曲，陈奕迅演唱。收录于专辑《不想放手》中，发行于2008年6月30日。
211,想哭,陈奕迅演唱歌曲,《想哭》是香港流行男歌手陈奕迅的一首国语歌曲。由林夕作词，徐伟贤作曲，陈奕迅演唱。收录于专辑《Special Thanks To…》中，发行于2002年04月02日。
212,婚礼的祝福,1999年陈奕迅演唱歌曲,《婚礼的祝福》是由香港歌手陈奕迅1999年演唱的一首歌曲，由许常德作词，陈建宁作曲，涂惠源编曲。收录于陈奕迅1999年9月9日发行的专辑《婚礼的祝福》中。
213,谢谢,陈奕迅演唱歌曲,《谢谢》是香港流行男歌手陈奕迅的一首国语歌曲，由姚若龙作词，陈小霞作曲。收录于专辑《黑·白·灰》中，发行于2003年04月01日。
214,预感,陈奕迅演唱歌曲,《预感》是香港流行男歌手陈奕迅的一首国语歌曲，由李瑞、白进法作词，吴旭文作曲，陈飞午编曲，陈奕迅演唱，收录于专辑《酝酿》中，发行于1997年11月01日。
215,全世界失眠,陈奕迅演唱歌曲,《全世界失眠》是香港流行男歌手陈奕迅的一首国语歌曲，由林夕填词，陈伟谱曲，陈奕迅演唱。收录于专辑《反正是我》中，发行于2001年7月17日。
216,拔河,陈奕迅演唱歌曲,《拔河》是陈奕迅的一首国语歌曲，由陈静楠作词，林东松作曲，陈奕迅、梁汉文演唱，收录于专辑《婚礼的祝福》。
217,酝酿,陈奕迅演唱歌曲,《酝酿》是由黄桂兰作词，凌伟文作曲，钱幽兰编曲，陈奕迅演唱的一首歌曲，收录于同名专辑《酝酿》中，发行于1997年11月01日。
218,你会不会,陈奕迅演唱歌曲,《你会不会》是香港流行男歌手陈奕迅的一首国语歌曲。由林夕作词，陈奕迅作曲并演唱。收录于专辑《Special Thanks To…》中，发行于2002年04月02日。
219,冤家,陈奕迅演唱歌曲,《冤家》是中国香港男歌手陈奕迅演唱的一首粤语歌曲，由徐世珍作词，周杰伦作曲，收录于2001年7月17日发行的专辑《反正是我》中。
220,Good Times,陈奕迅演唱的歌曲,《Good Times》是香港流行男歌手陈奕迅演唱的一首歌曲，由于光中作词，陈伟作曲，陈奕迅演唱。收录于专辑《反正是我》中，发行于2001年07月17日。
221,我也不会那样做,陈奕迅演唱的歌曲,《我也不会那样做》是香港流行男歌手陈奕迅的一首歌曲，由陈奂仁作词作曲，收录于专辑《反正是我》中，发行于2001年07月17日。
222,跳蚤市场,陈奕迅演唱歌曲,《跳蚤市场》是中国香港流行男歌手陈奕迅演唱的一首国语歌曲，由林夕作词，Thoegersen、Ck、Plesner、M.A作曲，收录于2002年4月2日发行的专辑《Special Thanks To…》中。
223,故事,陈奕迅演唱歌曲,《故事》是香港流行男歌手陈奕迅的一首国语歌曲。由林夕作词，Adrian Fu（符致逸）作曲，陈奕迅演唱。收录于专辑《Special Thanks To…》中，发行于2002年04月02日。
224,男人的错,陈奕迅演唱歌曲,《男人的错》是香港流行男歌手陈奕迅的一首国语歌曲。由林夕作词，吴国敬作曲，陈奕迅演唱。收录于专辑《Special Thanks To…》中，发行于2002年04月02日。
225,玛利奥派对,2007年陈奕迅演唱的歌曲,《玛利奥派对》是陈奕迅的一首粤语歌曲，由李峻一作词，Conrad Wong作曲，陈奕迅演唱。收录于专辑《Listen To Eason Chan》中，发行于2007年10月18日。
226,闪,陈奕迅演唱歌曲,《闪》是手陈奕迅的一首粤语歌曲，由陈诗慧作词，Davy Chan作曲，陈奕迅演唱。收录于专辑《Listen To Eason Chan》中，发行于2007年10月18日。
227,滑铁卢车站,2007年陈奕迅演唱的歌曲,《滑铁卢车站》是陈奕迅演唱的歌曲，由黄伟文作词，Tony Swain、Steve Jaimes作曲，收录于2007年10月18日发行的专辑《Listen To Eason Chan》中。
228,crying in the party,陈奕迅演唱的歌曲,《Crying In The Party》是香港流行男歌手陈奕迅的一首粤语歌曲，由黄伟文作词，黎小田作曲，褚镇东编曲，陈奕迅演唱。收录于专辑《Listen To Eason Chan》中，发行于2007年10月18日。
229,狂热革命,陈奕迅演唱的歌曲,《狂热革命》是香港流行男歌手陈奕迅的一首粤语歌曲，由Law少作词，陈奕迅、Davy Chan作曲，陈奕迅演唱。收录于专辑《Listen To Eason Chan》中，发行于2007年10月18日。
230,乜嘢啫,2007年陈奕迅演唱的粤语歌曲,《乜嘢啫》是香港流行男歌手陈奕迅的一首粤语歌曲，由游思行作词，陈奕迅作曲并演唱。收录于专辑《Listen To Eason Chan》中，发行于2007年10月18日。
231,兄弟,刘德华、陈奕迅演唱歌曲,《兄弟》是电影《兄弟之生死同盟》的主题曲，由刘德华作词，陈奕迅作曲，江志仁编曲，陈奕迅、刘德华演唱。收录于陈奕迅2007年10月18日发行的专辑《Listen To Eason Chan》和刘德华2007年12月5日发行的精选集《Everyone Is No.1》中。
232,烟味,陈奕迅2006年演唱歌曲,《烟味》是香港流行男歌手陈奕迅的一首国语歌曲，由方文山作词，Alex San（辛伟力）作曲，陈奕迅演唱。收录于专辑《认了吧》中，发行于2007年04月24日。《烟味》的粤语版是《裙下之臣》，收录于2006年11月23日发行的专辑《What&amp;#39;S Going On...?》中。
233,淘汰,周杰伦创作，陈奕迅演唱歌曲,《淘汰》是陈奕迅演唱的一首歌曲，由周杰伦作词、作曲，C.Y.Kong（江志仁）编曲，收录在陈奕迅2007年4月24日发行的普通话专辑《认了吧》中。2007年，该曲获得TVB8金曲榜颁礼最佳编曲、最佳监制、金曲奖等三个奖项。
234,快乐男生,陈奕迅演唱歌曲,《快乐男生》是香港流行男歌手陈奕迅的一首国语歌曲，由易家扬作词，C.Y.Kong（江志仁）作曲，陈奕迅演唱。收录于专辑《认了吧》中，发行于2007年04月24日。
235,红玫瑰,陈奕迅演唱歌曲,《红玫瑰》是香港流行男歌手陈奕迅的一首国语歌曲，由李焯雄填词，梁翘柏编曲，收录于陈奕迅2007年发行的专辑《认了吧》中。《红玫瑰》的粤语版是《白玫瑰》，收录于2006年11月23日发行的专辑《What&#039;S Going On...?》中。
236,月黑风高,陈奕迅演唱歌曲,《月黑风高》是香港流行男歌手陈奕迅的一首国语歌曲，由林夕作词，C.Y.Kong（江志仁）作曲，陈奕迅演唱。收录于专辑《认了吧》中，发行于2007年04月24日。《月黑风高》的粤语版是《黑择明》，收录于2006年11月23日发行的专辑《What&amp;#39;S Going On...?》中。
237,爱情转移,陈奕迅演唱歌曲,《爱情转移》是陈奕迅演唱的一首歌曲，由泽日生作曲，林夕作词，陈珀、江志仁编曲，收录在陈奕迅2007年4月24日由环球唱片发行的专辑《认了吧》中。该歌曲是电影《爱情呼叫转移》的主题曲。《爱情转移》的粤语版是《富士山下》，收录于陈奕迅2006年11月23日由环球唱片发行的粤语专辑《What&#039;S Going On...?》中。该歌曲曾获得2007中华音乐人交流协会“年度十大单曲”和第八届华语音乐传媒大奖“年度国语歌曲”等多项奖项。
238,好久不见,陈奕迅演唱歌曲,《好久不见》是中国香港流行男歌手陈奕迅演唱的一首歌曲，由施立填词，陈小霞谱曲，江志仁、孙伟明、陈珀共同编曲，收录在陈奕迅2007年4月24日由环球唱片发行的专辑《认了吧》中。这首歌也是电影《失恋33天》的插曲。《好久不见》的粤语版是《不如不见》，收录于2006年11月23日发行的专辑《What&#039;S Going On...?》中。
239,爱是一本书,陈奕迅演唱的歌曲,《爱是一本书》是香港流行男歌手陈奕迅的一首国语歌曲，由易家扬作词，Davy Chan作曲，陈奕迅演唱。收录于专辑《认了吧》中，发行于2007年04月24日。
240,第一个雅皮士,陈奕迅演唱的歌曲,《第一个雅皮士》是香港流行男歌手陈奕迅的一首国语歌曲，由周耀辉作词，梁翘柏作曲，陈奕迅演唱。收录于专辑《认了吧》中，发行于2007年04月24日。
241,24,陈奕迅演唱歌曲,《24》是香港流行男歌手陈奕迅的一首粤语歌曲，由林夕作词，陈思捷作曲，刘志远编曲，陈奕迅演唱。收录于专辑《Sound &amp;amp; Sight》中，发行于2006年12月01日。
242,不求人,陈奕迅演唱纪念张国荣歌曲,《不求人》是一首由陈奕迅演唱的纪念已故巨星张国荣的歌曲，由林夕作词，蓝奕邦作曲，收录于专辑《Sound &amp;amp; Sight》中，发行于2006年12月01日。
243,爱你入骨,陈奕迅演唱歌曲,《爱你入骨》是香港流行男歌手陈奕迅的一首粤语歌曲，由林夕作词，Dan Hougesen、Tom Lindby、Bo Christensen、Sune Thorbjornsen作曲，刘志远编曲，陈奕迅演唱。收录于专辑《Sound &amp;amp; Sight》中，发行于2006年12月01日。
244,失恋太少,陈奕迅演唱的歌曲,《失恋太少》是林夕作词，陈辉阳作曲，香港男歌手陈奕迅演唱的一首粤语歌曲，收录于陈奕迅2001年04月13日发行的专辑 《Shall We Dance? Shall We Talk!》中。
245,冤气,陈奕迅演唱歌曲,《冤气》是香港流行男歌手陈奕迅的一首粤语歌曲，由林夕作词，廖伟鹏作曲，陈奕迅演唱，收于专辑《Great 5000 Secs》中，发行于2005年02月01日。
246,八里公路,陈奕迅演唱歌曲,《八里公路》是中国香港流行男歌手陈奕迅的一首粤语歌曲，由林夕作词，Siegfried Walch、Manuela Eder作曲，刘志远编曲，陈奕迅演唱的一首歌曲，收录在2005年6月1日发行的专辑《Great 5000 secs Vol.2》中。
247,热带雨林,陈奕迅演唱歌曲,《热带雨林》是陈奕迅的一首粤语歌曲，由黄伟文作词，孙伟明作曲，收录于专辑《The Easy Ride》中，发行于2001年11月08日。
248,活跃症,陈奕迅演唱的歌曲,《活跃症》是由黄伟文作词，GIL EUN KYUNG，PARK JUNG WOON作曲，陈奕迅演唱的一首粤语歌曲，收录于专辑《打得火热》中，发行于2000年09月29日。
249,真相,陈奕迅演唱歌曲,《真相》是陈奕迅的一首粤语歌曲，由乔靖夫作词，梁翘柏作曲，陈奕迅演唱。收录于专辑《Live For Today》中，发行于2003年07月22日。
250,谎言,陈奕迅演唱歌曲,《真相》是香港流行男歌手陈奕迅的一首粤语歌曲，由乔靖夫作词，梁翘柏作曲，陈奕迅演唱。收录于专辑《Live For Today》中，发行于2003年07月22日。
251,五星级迫爆,陈奕迅演唱的歌曲,《五星级迫爆》是一首陈奕迅演唱的歌曲，由黄仲凯作词，金培达作曲，收录于专辑《五星级的家》中。
252,不知所谓,陈奕迅演唱歌曲,《不知所谓》是陈奕迅演唱的歌曲，由黄伟年作词作曲，收录于《The Easy Ride》专辑中。
253,孤儿仔,2002年陈奕迅演唱的歌曲,《孤儿仔》是香港流行男歌手陈奕迅的一首粤语歌曲，与苦荣合唱。由李峻一作词作曲，金培达编曲，收录于专辑《五星级的家》中，发行于2002年06月14日。
254,细路,谢霆锋、陈奕迅演唱的歌曲,"《细路》是谢霆锋、陈奕迅演唱的歌曲。通常指童年时期。有时也可作不懂事,不成熟的代称。"
255,最后的嬉皮士,陈奕迅演唱的歌曲,《最后的嬉皮士》是香港流行男歌手陈奕迅的一首粤语歌曲，由黄伟文作词，梁翘柏作曲，陈奕迅演唱。收录于专辑《What&amp;#39;S Going On...?》中，发行于2006年11月23日。《最后的嬉皮士》的国语版是《第一个雅皮士》，收录于2007年04月24日发行的专辑《认了吧》中。
256,白玫瑰,陈奕迅演唱歌曲,《白玫瑰》是香港流行男歌手陈奕迅的一首粤语歌曲，由李焯雄作词，梁翘柏作曲，陈奕迅演唱。收录于专辑《What&#039;S Going On...?》中，发行于2006年11月23日。《白玫瑰》的国语版是《红玫瑰》，收录于2007年4月24日发行的专辑《认了吧》中。
257,心深伤透,陈奕迅演唱的歌曲,《心深伤透》是香港流行男歌手陈奕迅的一首粤语歌曲，由Hardpack、Davy Chan（陈匡荣）、陈奕迅作词、Davy Chan作曲，陈奕迅演唱。收录于专辑《What&amp;#39;S Going On...?》中，发行于2006年11月23日。《心深伤透》的国语版是《爱是一本书》，收录于2006年11月23日发行的专辑《认了吧》中。
258,解药,陈奕迅演唱歌曲,《解药》是香港流行男歌手陈奕迅的一首粤语歌曲，由黄伟文填词、陈奕迅作曲并演唱。收录于专辑《What&amp;#39;S Going On...?》中，发行于2006年11月23日。
259,overture,陈奕迅演唱歌曲,《Overture》是香港男歌手陈奕迅在2007年10月于香港演唱会《Eason&amp;#39;s Moving On Stage 1》中的序曲。由岩田雅之作曲，收录于专辑《Eason&amp;#39;s Moving On Stage 1》中，发行于2007年12月21日。
260,怪物,陈奕迅演唱歌曲,《怪物》是香港流行男歌手陈奕迅的一首粤语歌曲，由林夕作词，陈奕迅作曲，陈辉阳编曲，陈奕迅演唱。收录于专辑《Shall We Dance? Shall We Talk!》中，发行于2001年04月13日。
261,两名男子街头相遇,陈奕迅演唱的一首粤语歌曲,《两名男子街头相遇》是香港流行男歌手陈奕迅的一首粤语歌曲，由黄伟文作词，王双骏作曲，陈奕迅演唱。收录于专辑《The Line-Up》中，发行于2002年07月24日。《The Line-Up》 的概念，就是以陈辉阳加林夕、王双骏加黄伟文两个组合上阵，各自为 Eason 炮制五首歌曲。
262,不良嗜好,陈奕迅演唱的歌曲,《不良嗜好》是香港流行男歌手陈奕迅的一首粤语歌曲，由黄伟文作词，林一峰作曲，陈奕迅演唱。收录于专辑《U87》中，发行于2005年06月07日。
263,三个人的探戈,陈奕迅演唱的歌曲,《三个人的探戈》是陈奕迅的一首粤语歌曲，由黄伟文作词，陈羽恒作曲，陈奕迅演唱。收录于专辑《U87》中，发行于2005年06月07日。
264,怕死,陈奕迅演唱歌曲,《怕死》是香港流行男歌手陈奕迅的一首粤语歌曲，由黄伟文作词，雷颂德作曲，陈奕迅演唱。收录于专辑《U87》中，发行于2005年06月07日。
265,烂,陈奕迅演唱歌曲,《烂》是中国香港流行男歌手陈奕迅的一首粤语歌曲，由林夕作词，C.Y.Kong作曲，陈奕迅演唱。收录于2005年6月7日发行的专辑《U87》中。
266,如果这一秒钟你跟我讲你不爱我,陈奕迅演唱的歌曲,《如果这一秒钟你跟我讲你不爱我》是陈奕迅的一首粤语歌曲，由黄伟文作词，蔡一智作曲，陈奕迅演唱，收录于专辑《天佑爱人》中，发行于1999年05月26日。
267,黑夜不再来,陈奕迅演唱歌曲,《黑夜不再来》是由陈辉阳作曲，林夕作词，陈奕迅演唱。收录于专辑《Nothing Really Matters》中，发行于2000年07月21日。
268,防不胜防,陈奕迅演唱歌曲,《防不胜防》是香港流行男歌手陈奕迅的一首粤语歌曲，由黄伟文作词，张继聪作曲，陈奕迅演唱。收录于专辑《The Line-Up》中，发行于2002年07月24日。
269,人车志,陈奕迅演唱歌曲,《人车志》是香港流行男歌手陈奕迅的一首粤语歌曲，由黄伟文作词，Jerald（陈哲庐）作曲，陈奕迅演唱。收录于专辑《Life Continues》中，发行于2006年06月15日。
270,万佛朝宗,陈奕迅演唱歌曲,《万佛朝宗》是香港流行男歌手陈奕迅的一首粤语歌曲，由林夕作词，Alex Ni作曲，陈奕迅演唱，收于专辑《Great 5000 Secs》中，发行于2005年02月01日。
271,放下来,陈奕迅演唱的歌曲,《放下来》是由林夕作词，马念先作曲，刘志远编曲，陈奕迅演唱的一首歌曲，收录于2005年6月22日发行的专辑《Great 5000 secs Vol.2》中。
272,开不了心,陈奕迅演唱歌曲,《开不了心》是香港流行男歌手陈奕迅的一首粤语歌曲，由林夕作词，伍卓贤作曲，刘志远编曲，陈奕迅演唱的一首歌曲，收录在专辑《Great 5000 secs Vol.2》中，发行于2005年06月01日。
273,对不起谢谢,2005年陈奕迅演唱的歌曲,《对不起 谢谢》是陈奕迅演唱的歌曲，由Skot Suyama作词，Skot Suyama作曲，陈奕迅演唱。收录于专辑《怎么样》中，发行于2005年11月23日。《对不起 谢谢》获得2006年度第十三届全球华语音乐榜中榜的年度最佳歌曲奖和2005年度9+2音乐先锋榜的港台年度金曲奖。
274,不然你要我怎么样,陈奕迅演唱歌曲,《不然你要我怎么样》是2005年香港流行男歌手陈奕迅的一首国语歌曲，由Alex Ni、卓伸颖作词，Alex Ni作曲，陈奕迅演唱的一首歌曲，收录在2005年11月23日发行的专辑《怎么样》中。
275,不睡,陈奕迅演唱歌曲,《不睡》是香港流行男歌手陈奕迅的一首国语歌曲，由马嵩惟作词，Adrian Fu（符致逸）作曲，陈奕迅演唱。收录于专辑《怎么样》中，发行于2005年11月23日。
276,浮城,陈奕迅演唱歌曲,《浮城》是香港流行男歌手陈奕迅的一首国语歌曲，由李焯雄作词，梁翘柏作曲，陈奕迅演唱。收录于专辑《怎么样》中，发行于2005年11月23日。
277,早开的长途班,陈奕迅演唱的歌曲,《早开的长途班》是香港流行男歌手陈奕迅的一首国语歌曲，由乔靖夫作词，梁翘柏作曲，陈奕迅演唱。收录于专辑《怎么样》中，发行于2005年11月23日。
278,新的世界,陈奕迅演唱歌曲,《新的世界》是由虑淑仪作词，ALAN MENKEN作曲，陈奕迅演唱的一首歌曲，收录于专辑《香港迪士尼乐园之奇妙音乐旅程》中，发行于2005年8月17日。
279,16月6日晴,陈奕迅2005年演唱的歌曲,《16月6日晴》是中国香港流行男歌手陈奕迅的一首粤语歌曲，由陈羽恒作词作曲，陈奕迅演唱。收录于2005年6月7日发行的专辑《U87》中。
280,新美人主义,陈奕迅演唱的国语歌曲,《新美人主义》是香港流行男歌手陈奕迅的一首国语歌曲，由黄伟文填词，Eric Kwok（郭伟亮）作曲。收录于专辑《U87》，发行于2005年06月07日。
281,遇见了你,陈奕迅演唱歌曲,《遇见了你》是香港男歌手陈奕迅的一首国语歌曲，由李雨寰作词作曲，该歌曲收录于2005年06月07日发行的专辑《U87》中。
282,New Order,陈奕迅歌曲,《New Order》是香港流行男歌手陈奕迅的一首粤语歌曲，由林夕作词，Eric Kwok（郭伟亮）作曲，陈奕迅演唱。收录于专辑《Live For Today》中，发行于2003年07月22日。
283,寂寞奏鸣曲,陈奕迅演唱的歌曲,《寂寞奏鸣曲》是香港流行男歌手陈奕迅的一首普通话歌曲，由易家扬作词，Tim Christensen作曲。收录于专辑《黑·白·灰》中，发行于2003年04月01日。
284,季军,陈奕迅演唱歌曲,《季军》是香港流行男歌手陈奕迅的一首粤语歌曲，由林夕作词，张佳添作曲，陈奕迅演唱。收录于专辑《The Line-Up》中，发行于2002年07月24日。
285,黑面,陈奕迅演唱歌曲,《黑面》是香港流行男歌手陈奕迅的一首粤语歌曲，由黄伟文作词，Lisa作曲，陈奕迅演唱。收录于专辑《The Line-Up》中，发行于2002年07月24日。
286,愿,陈奕迅演唱歌曲,《愿》是香港流行男歌手陈奕迅的一首粤语歌曲，收录于专辑《五星级的家》中，发行于2002年06月14日。
287,五星连珠,陈奕迅粤语歌曲,《五星连珠》是一首陈奕迅演唱的歌曲，该首歌曲发行于2002年06月14日，出自于其专辑《五星级的家》。
288,讲故事,陈奕迅粤语歌曲,《讲故事》是一首陈奕迅的粤语歌曲，该首歌曲发行于2002年06月14日，出自于其专辑《五星级的家》。由林若宁作词，金培达作曲，小苦妹演唱。
289,到此一游,陈奕迅演唱歌曲,《到此一游》是香港流行男歌手陈奕迅演唱的一首粤语歌曲，由李敏作词，吴旭文作曲，Anthony Lee编曲。该曲收录于2000年07月21日发行的专辑《Nothing Really Matters》。
290,Special Thanks To 1,陈奕迅演唱的歌曲,《Special Thanks To 1》是香港流行男歌手陈奕迅的一首国语歌曲，由林夕作词，Foo Hsien Yang作曲，陈奕迅演唱。收录于专辑《Special Thanks To…》中，发行于2002年04月02日。
291,Special Thanks To 2,陈奕迅演唱的歌曲,《Special Thanks To 1》是香港流行男歌手陈奕迅的一首国语歌曲，由林夕作词，Foo Hsien Yang作曲，陈奕迅演唱。收录于专辑《Special Thanks To…》中，发行于2002年04月02日。
292,Special Thanks To 3,陈奕迅演唱歌曲,《Special Thanks To 3》是香港流行男歌手陈奕迅的一首国语歌曲，由林夕作词，Foo Hsien Yang作曲，陈奕迅演唱。收录于专辑《Special Thanks To…》中，发行于2002年04月02日。
293,阳性反应,陈奕迅演唱歌曲,《阳性反应》是陈奕迅的一首粤语歌曲，收录于专辑《The Easy Ride》中，发行于2001年11月08日。
294,结束开始,陈奕迅演唱歌曲,《结束开始》是陈奕迅的一首粤语歌曲，由黄伟文作词，韦懋达、韦懋腾作曲，收录于专辑《The Easy Ride》中，发行于2001年11月08日。
295,当这地球没有花,陈奕迅演唱的歌曲,《当这地球没有花》是香港流行男歌手陈奕迅演唱的一首粤语歌曲，由林夕作词，郭伟亮作曲，刘祖德编曲。收录于专辑《Nothing Really Matters》中，发行于2000年07月21日。
296,黎喇,陈奕迅演唱歌曲,黎喇是继《K歌之王》之后，新一代实力派歌王陈奕迅推出全新粤语专辑《Shall We Dance? Shall We Talk!》，依然是品质的保证。
297,Eason's Angel,陈奕迅演唱的歌曲,《Eason&#039;s Angel》是由陈奕迅演唱的一首歌曲，收录于专辑《Shall We Dance Shall We Talk!》中。
298,信心花舍,陈奕迅演唱的歌曲,《信心花舍》是中国香港流行男歌手陈奕迅演唱的一首粤语歌曲，由林夕作词，Barry Chung作曲。收录于2001年3月29日发行的专辑《Shall We Dance? Shall We Talk!》中。
299,黑暗中漫舞,陈奕迅演唱的歌曲,《黑暗中漫舞》是香港流行男歌手陈奕迅的一首粤语歌曲，由林夕作词，陈小霞作曲，陈辉阳编曲，陈奕迅演唱。收录于专辑《Shall We Dance? Shall We Talk!》中，发行于2001年04月13日。
300,遗失的国度,陈奕迅演唱的歌曲,《遗失的国度》是由甄健强作词，陶喆作曲，陈奕迅演唱的一首粤语歌曲。收录于专辑《Shall We Dance? Shall We Talk!》中，发行于2001年04月13日。
301,和平饭店,陈奕迅演唱歌曲,《和平饭店》是，由林夕作词，D.Acconci、云超作曲，陈奕迅演唱。发行于 2000年7月21日，收录于专辑《Nothing Really Matters》中
302,多一点,陈奕迅演唱歌曲,《多一点》是无线电视剧《离岛特警》的插曲，由潘伟源作词，吴通明作曲，陈奕迅演唱，收录于陈奕迅1998年发行专辑《新生活》中。
303,始终我系我,陈奕迅演唱的歌曲,《始终我系我》是2000版港台广播剧《鹿鼎记》的主题曲，由香港流行男歌手陈奕迅演唱。收录于《Eason 18首选》，于2001年04月01日发行。
304,新广告歌,陈奕迅演唱的歌曲,《新广告歌》是一首陈奕迅演唱的歌曲，由周耀辉作词，YOO SEUNG BEOM作曲，收录于专辑《打得火热》中。
305,美丽谎言,陈奕迅演唱歌曲,《美丽谎言》是香港流行男歌手陈奕迅的一首粤语歌曲，由冯颖琪作词，柳重言作曲，陈奕迅演唱，收录于专辑《打得火热》中，发行于2000年09月29日。
306,吹微风,陈奕迅演唱的歌曲,《吹微风》是香港流行男歌手陈奕迅的一首粤语歌曲，由黄伟文作词，吴国敬、孙伟明作曲，陈奕迅演唱。收录于专辑《打得火热》中，发行于2000年09月29日。歌词大概说的一个人分手后烧炭自杀。陈奕迅在这首歌中展现了他的以歌叙事的能力，感情层层递进。
307,温室效应,陈奕迅演唱歌曲,《温室效应》是香港流行男歌手陈奕迅演唱的歌曲，由黄伟文作词、陈奕迅作曲，收录于2000年9月29日发行的专辑《打得火热》中。
308,今天等我来,陈奕迅演唱的歌曲,《今天等我来》是香港男歌手陈奕迅的一首粤语歌曲，由劳双恩作词，柳重言作曲，收录于专辑《与我常在》中，发行于1997年04月12日。
309,抱拥这分钟,陈奕迅的粤语歌曲,《抱拥这分钟》是陈奕迅的一首歌曲，由潘源良作词，Jim Lee作曲，收录于专辑《与我常在》，发行于1997年04月12日。
310,现场直播,陈奕迅演唱歌曲,《现场直播》是由因葵作词，陈辉阳作曲，陈奕迅演唱的一首粤语歌曲，收录于专辑《与我常在》中，发行于1997年04月12日。
311,游离份子,陈奕迅演唱的歌曲,《游离份子》是由潘源良作词，浦田博信作曲，泽近泰辅编曲，陈奕迅演唱的一首粤语歌曲，收录于陈奕迅1996年12月11日发行的专辑《陈奕迅》中。
312,我们不哭了,陈奕迅演唱歌曲,《我们不哭了》是香港流行男歌手陈奕迅的一首粤语歌曲，由郭启华作词，蔡德才作曲，陈奕迅、海俊杰、杨千嬅、何超仪演唱。收录于专辑《68分29秒》，发行于2000年09月01日。
313,戏迷情人,陈奕迅演唱歌曲,《戏迷情人》是香港流行男歌手陈奕迅的一首粤语歌曲，由何秀萍作词，卢巧音作曲，梁翘柏编曲，陈奕迅演唱。收录于专辑《Nothing Really Matters》中，发行于2000年07月21日。
314,我感激,陈奕迅演唱的歌曲,《我感激》是香港流行男歌手陈奕迅的一首粤语歌曲，由林振强作词，Gonzalo Polar、Jorge Sabogal作曲，陈奕迅演唱。收录于专辑《Nothing Really Matters》中，发行于2000年07月21日。
315,Made In Hong Kong,陈奕迅演唱的歌曲,《Made In Hong Kong》是陈奕迅的一首粤语歌曲，由刘卓辉作词，李汉金作曲，陈奕迅演唱。收录于专辑《Nothing Really Matters》中，发行于2000年07月21日。
316,那一夜有没有说,陈奕迅演唱的歌曲,《那一夜有没有说》是香港流行男歌手陈奕迅的一首粤语歌曲，由黄伟文作词，陈奕迅作曲并演唱，收录于专辑《与我常在》中，发行于1997年04月12日。
317,我的世界末日,陈奕迅演唱歌曲,《我的世界末日》是1999年5月26日由周耀辉作词，王双骏作曲，陈奕迅演唱的一首粤语歌曲。收录于专辑《天佑爱人》中。
318,忽然难过,陈奕迅演唱的粤语歌曲,《忽然难过》是香港流行男歌手陈奕迅演唱的一首粤语歌曲，由刘卓辉作词，胡波作曲，收录于专辑《幸福》中，发行于1999年11月24日。
319,专家话,陈奕迅演唱的歌曲,《专家话》是香港流行男歌手陈奕迅的一首粤语歌曲，由刘祖德作词作曲编曲，陈奕迅演唱，收录于专辑《幸福》中，发行于1999年11月24日。
320,春光乍泄,陈奕迅演唱歌曲,《春光乍泄》是陈奕迅演唱的一首歌曲，由林夕作词，黄耀明、蔡德才作曲，收录于专辑《幸福》中，发行于1999年11月24日。
321,改造人,陈奕迅演唱歌曲,《改造人》是陈奕迅演唱的一首粤语歌曲，由因葵作词，陈奕迅作曲，陈奕迅演唱。收录于专辑《幸福》中，发行于1999年11月24日。
322,转机,陈奕迅演唱歌曲,《转机》是香港流行男歌手陈奕迅（Eason Chan）的一首国语歌曲， 由张政群作词，刘剑辉作曲，收录于1999年9月9日发行的专辑《婚礼的祝福》中。
323,掏空,陈奕迅演唱歌曲,《掏空》是香港流行男歌手陈奕迅的一首国语歌曲，由潘协庆作词作曲，屠颖编曲，陈奕迅演唱，收录于专辑《婚礼的祝福》中，发行于1999年09月09日。
324,伤心证明书,陈奕迅演唱歌曲,《伤心证明书》是1999年陈奕迅演唱的一首歌，由陈静楠作词，林贤一作曲，收录在专辑《婚礼的祝福》中。《伤心证明书》将Eason在音乐上独特的略带沙哑的嗓音和音乐感染力表现到极致。
325,1个2个3个4个,陈奕迅演唱的歌曲,《1个2个3个4个》是1999年09月09日陈奕迅演唱的一首国语歌曲，由施人诚作词，余永邦作曲，收录于专辑《婚礼的祝福》中。
326,Just Between The Two of Us,陈奕迅演唱歌曲,《Just Between The Two of Us》是香港男歌手陈奕迅的一首国语歌曲，由丁晓雯作词，Jock Millgardh作曲，陈奕迅演唱，收录于专辑《婚礼的祝福》中，发行于1999年09月09日。
327,存在,陈奕迅演唱歌曲,《存在》是由于光中作词，Sljevile &amp;amp; Coness作曲，陈奕迅演唱的一首歌曲，收录于专辑《婚礼的祝福》中，发行于1999年9月9日。
328,眼眉调,陈奕迅演唱的歌曲,《眼眉调》是香港流行男歌手陈奕迅的一首粤语歌曲，由周耀辉作词，史丹利作曲，陈奕迅演唱。收录于专辑《天佑爱人》中，发行于1999年05月26日。
329,一,陈奕迅演唱歌曲,《一》是香港流行男歌手陈奕迅的一首粤语歌曲，由陈奕迅好友谢霆锋亲自作曲，黄伟文作词，陈奕迅演唱，收录于专辑《天佑爱人》中，发行于1999年05月26日。
330,快高长大,陈奕迅演唱歌曲,《快高长大》是陈奕迅的一首粤语歌曲，由林夕作词，蔡一智作曲，陈奕迅演唱，收录于专辑《天佑爱人》中，发行于1999年05月26日。
331,终于一百日,陈奕迅演唱的歌曲,《终于一百日》是由周耀辉作词，陈奕迅演唱的一首粤语歌曲，收录于专辑《新生活》中，发行于1998年12月10日。
332,我怕你不肯,陈奕迅演唱的歌曲,《我怕你不肯》是由李敏作词，黄尚伟作曲，陈奕迅演唱的一首粤语歌曲，收录于陈奕迅第一张音乐专辑《陈奕迅》中，发行于1996年12月11日。
333,愈想愈无谓,陈奕迅演唱的歌曲,《愈想愈无谓》是由潘源良作词，玉置浩二作曲，刘志远编曲，陈奕迅演唱的一首粤语歌曲，收录于专辑《我的快乐时代》中，发行于1998年05月26日。该曲改编自《Mr.Lonely》。
334,相信相依,陈奕迅演唱歌曲,《相信相依》是由黄达辉作词，郑华娟作曲，金培达编曲，陈奕迅演唱的一首粤语歌曲。收录于专辑《我的快乐时代》中，发行于1998年05月26日。
335,两种讲法,陈奕迅演唱的歌曲,《两种讲法》是陈奕迅演唱的一首粤语歌曲，收录于专辑《我的快乐时代》中，发行于1998年05月26日。
336,请相信我,陈奕迅演唱的歌曲,《请相信我》是陈奕迅的一首粤语歌曲，由林夕填词，黄国伦谱曲，收录于专辑《我的快乐时代》，发行于1998年05月26日。
337,摊开双手,陈奕迅演唱的歌曲,《摊开双手》是香港男歌手陈奕迅的一首国语歌曲，收录于专辑《酝酿》中，发行于1997年11月01日。
338,爱的傀儡,陈奕迅演唱的歌曲,《爱的傀儡》是陈奕迅的一首国语歌曲，收录于专辑《酝酿》中，发行于1997年11月01日。
339,感动,陈奕迅演唱歌曲,《感动》是一首陈奕迅的国语歌曲，收录于陈奕迅第二张国语专辑《酝酿》中，发行于1997年11月01日。
340,我终于放开了她,陈奕迅演唱歌曲,《我终于放开了她》是陈奕迅的一首国语歌曲，由黄中原作曲，吴旭文作词，陈奕迅演唱。收录于专辑《酝酿》中，发行于1997年11月12日。
341,好聚好散,陈奕迅演唱歌曲,《好聚好散》是陈奕迅演唱的一首国语歌曲，由白进法作词，陈国华作曲，钟兴民编曲，收录于1997年11月1日发行的专辑《酝酿》中。
342,宠爱,陈奕迅演唱歌曲,《宠爱》是一首陈奕迅的国语歌曲，他是由王中言、白进法作词，陈美威作曲，陈奕迅演唱。收录于陈奕迅的第二张国语专辑《酝酿》中，发行于1997年11月01日。
343,Taipei City,陈奕迅演唱的歌曲,《Taipei City》是陈奕迅的一首国语歌曲，由深白色作词作曲，张诒铭编曲，陈奕迅演唱，收录于专辑《酝酿》中，发行于1997年11月1日。
344,爱没有左右,陈奕迅演唱的歌曲,《爱没有左右》是陈奕迅的一首粤语歌曲，由刘卓辉作词，黄家强作曲，收录于1997年4月12日发行的粤语专辑《与我常在》中。
345,生命有几好,陈奕迅演唱的歌曲,《生命有几好》是香港歌手陈奕迅的一首粤语歌曲，由林夕填词、王治平作曲，收录在1997年发行的专辑《与我常在》中。
346,伴游,陈奕迅歌曲,《伴游》是香港男歌手陈奕迅的一首粤语歌曲，由周耀辉作词，柳重言作曲，收录于专辑《与我常在》中，发行于1997年4月12日。
347,跟我走好吗,陈奕迅演唱的歌曲,《跟我走好吗》是陈奕迅的一首粤语歌曲，由何秀萍作词，柳重言作曲，收录于专辑《与我常在》中，发行于1997年04月12日。
348,敌人,陈奕迅演唱歌曲,《敌人》是陈奕迅的一首粤语歌曲，由刘祖德作曲，罗颂怡作词，收录于专辑《与我常在》中，发行于1997年04月12日。
349,一滴眼泪,陈奕迅演唱歌曲,《一滴眼泪》是由吴旭文作词、作曲，陈奕迅演唱的一首歌曲，收录于同名音乐专辑《一滴眼泪》中，发行于1997年01月10日。《一滴眼泪》的粤语版是《安守本分》，收录于1996年12月11日发行的专辑《陈奕迅》中。
350,拜访,陈奕迅演唱歌曲,《拜访》是香港歌手陈奕迅演唱的歌曲，收录于专辑《一滴眼泪》，由谢明讯作词，吴旭文作曲，发行于1997年01月10日。
351,爱到疯,陈奕迅《一滴眼泪》专辑歌曲,《爱到疯》是陈奕迅的一首国语歌曲，由杨立德作词，翁孝良作曲，陈奕迅演唱。收录于专辑《一滴眼泪》中，发行于1997年01月10日。
352,永远都天明,陈奕迅演唱的歌曲,《永远都天明》是陈奕迅的一首国语歌曲，由何厚华作词，包小松作曲，陈奕迅演唱。收录于专辑《一滴眼泪》中，发行于1997年01月10日。
353,情深怎么办,陈奕迅演唱的歌曲,《情深怎么办》是陈奕迅的一首国语歌曲，由邬裕康作词，陈美威作曲，陈奕迅演唱。收录于专辑《一滴眼泪》中，发行于1997年01月10日。
354,我怎么可以哭,陈奕迅演唱的歌曲,《我怎么可以哭》是陈奕迅的一首国语歌曲，由谢明训作词，林明阳作曲，陈奕迅演唱。收录于专辑《一滴眼泪》中，发行于1997年01月10日。
355,style,陈奕迅演唱歌曲,《style》是陈奕迅的一首国语歌曲，由吴旭文作词作曲，陈奕迅演唱。收录于专辑《一滴眼泪》中，发行于1997年01月10日。
356,二个人的夜晚,陈奕迅演唱的歌曲,《二个人的夜晚》是由陈民辕作词，陈建良作曲，陈奕迅演唱的一首国语歌曲。收录于专辑《一滴眼泪》中，发行于1997年01月10日。
357,感情约,陈奕迅演唱的歌曲,《感情约》是香港流行男歌手陈奕迅的一首国语歌曲，由姚若龙作词，陈美威作曲，陈奕迅演唱。收录于专辑《一滴眼泪》中，发行于1997年01月10日。
358,有意无意,陈奕迅演唱歌曲,《有意无意》是周礼茂作词，区新明作曲，苏德华编曲，陈奕迅演唱的一首粤语歌曲，收录于陈奕迅第一张音乐专辑《陈奕迅》中，发行于1996年12月11日。
359,爱情，幼稚！,陈奕迅演唱的歌曲,《爱情，幼稚！》是由林夕作词，李伟菘作曲，陈奕迅演唱的一首歌曲，收录于专辑《陈奕迅》中，发行于1996年12月11日。
360,从未痴心,陈奕迅演唱的歌曲,《从未痴心》是由罗士衡作词，何子明作曲，Ted Lo（罗尚正）编曲，陈奕迅演唱的一首粤语歌曲，收录于陈奕迅第一张音乐专辑《陈奕迅》中，发行于1996年12月11日。
361,其实我记得,陈奕迅、杨千嬅演唱的歌曲,《其实我记得》是1996年12月11日由张美贤作词，江港生作曲，Terry Chan编曲，陈奕迅演唱的一首粤语歌曲，收录于陈奕迅第一张音乐专辑《陈奕迅》中。
362,当心中有恋爱感觉,陈奕迅演唱的粤语歌曲,《当心中有恋爱感觉》是由张美贤作词，松本俊明作曲，江港生编曲，陈奕迅演唱的一首粤语歌曲，收录于陈奕迅第一张音乐专辑《陈奕迅》中，发行于1996年12月11日。
